NUMBER,Genus,SPECIES$,SUBSPECIES$,HERBARIUM$,COLLECTOR$,COLNUMBER,COUNTRY$,LATITUDE,DLATITUDE,LONGITUDE,DLONGITUDE,ELEVATION,STEMHEIGHT,STEMDIAMETER,LEAFNUMBER,SHEATH,PETIOLE,RACHISLEN,RACHISWID,NODIVISIONS,BASPINLEN,BASPINWID,BASPINANG,APINLEN,APINWID,APINANG,ORDERS,PROPHYLL,PEDBRACT,DISTANCE,PEDUNCLELEN,PEDUNCLEWID,NORACHILLAE,RACHILLLEN,RACHILLWID,FRUITLEN,FRUITDIAM,STEMBRANCH,INFLOBRAN,BRACTS,PROXSHAPE,FRUITS
75,Pholidostachys,amazonensis,,MO,Barbour,4471,Peru,4.56,-4.93,78.11,-78.18,,,,,,,42,3.7,6,,,,,3.5,15,0,,,,,3.2,1,18.7,5.9,,,,4,2,3,
93,Pholidostachys,dactyloides,,BH,Anderson,12,Colombia,3.56,3.93,77.01,-77.01,,3.15,9,8,40,40,137,11.9,,58,2.8,,51,15,,1,,,,25,9.8,4,50,6.2,,,1,3,1,2,
10,Pholidostachys,dactyloides,,NY,Arguëllo,526,Ecuador,0.05,0.08,79.02,-79.03,800,5.3,6,15,37,53,,14.8,17,,2,55,,16.5,11,1,,,6,15.5,19,8,45,8,12,7.2,1,3,,2,3
3,Pholidostachys,dactyloides,,NY,Arguëllo,477,Ecuador,0.05,0.08,79.02,-79.03,800,6.68,7,18,38,40,,17.8,16,,2,59,,14.7,,1,,,,,9.6,,46.5,7.8,,,,3,,2,
70,Pholidostachys,dactyloides,,NY,Arguëllo,424,Ecuador,0.05,0.08,79.02,-79.03,800,2.96,,17,43,66,,18.5,,92,3.5,42,,,,,,,,,,,,,12.3,7,1,,,2,3
203,Pholidostachys,dactyloides,,AAU,Balslev,62520,Ecuador,3.11,-3.18,79.41,-79.68,300,3.9,6.5,12,,,155,9.8,10,56,3,41,36,11.5,18,1,,,,,12,9,30.5,6,13.9,9.1,1,3,,2,3
92,Pholidostachys,dactyloides,,NY,Balslev,60677,Ecuador,0.17,-0.28,79.15,-79.25,300,3.9,10,12,80,40,160,16.4,11,40,1,48,53.5,22,12,1,59,,,,,,,,,,1,,1,2,
9,Pholidostachys,dactyloides,,NY,Balslev,62097,Ecuador,0.5,0.83,78.27,-78.45,850,8,8,20,20,69,142,17.4,9,55,1.5,42,48,11.3,9,1,50,55,11,21,15.6,16,42,6.5,,,,3,1,2,
7,Pholidostachys,dactyloides,,NY,Balslev,62023,Ecuador,0.22,-0.36,79.2,-79.33,300,6.5,7,15,45,20,110,14,7,64,2,58,,19.7,11,1,39,,,14,10.3,9,,,,,1,3,,2,
18,Pholidostachys,dactyloides,,NY,Barfod,60109,Ecuador,0.46,0.76,78.54,-78.9,100,4.5,5.5,17,14,122,157,,9,,,,,,,1,52,50,10.5,21,8.7,8,43.5,5.2,,,1,,,2,
2,Pholidostachys,dactyloides,,NY,Bergmann,62180,Ecuador,2.55,-2.91,79.35,-79.58,20,8,9.5,11,,,134,15.2,12,,2,62,41.5,4.5,12,1,,,5,11.5,9.7,11,32,4.5,10.2,7.6,1,3,,2,3
126,Pholidostachys,dactyloides,,COL,Bernal,2495,Colombia,1.2,1.33,78.07,-78.11,1100,6,10,25,,,96,,8,,,,,,,1,,,,,,,,,,,1,,,2,
278,Pholidostachys,dactyloides,,COL,Bernal,4228,Colombia,2.35,2.58,77.53,-77.88,10,3.5,4,8,,,75,,8,,,,,,,,,,,,,,,,,,,,,,
116,Pholidostachys,dactyloides,,COL,Bernal,1519,Colombia,3.54,3.9,76.38,-76.63,525,4,9,18,,,130,12.8,8,,,,,,,1,,,,,,,27.5,6.4,,,1,,,2,
119,Pholidostachys,dactyloides,,COL,Bernal,680,Colombia,6.13,6.21,76.43,-76.71,80,3.5,7,15,,,123,,11,,,,,,,1,,,,,,,23,4.8,9.1,7,1,,1,2,
120,Pholidostachys,dactyloides,,COL,Bernal,424,Colombia,7.18,7.3,76.3,-76.5,100,6,7,15,,,155,,9,,,,,,,1,,,,,,,17,5.3,9.3,7.3,1,,1,2,
130,Pholidostachys,dactyloides,,COL,Bernal,1035,Colombia,5.17,5.28,76.22,-76.36,250,5,8,15,,,108,7.9,8,,,,,,,1,,,,,,,34.5,7.5,16.3,11.5,1,3,1,2,3
12,Pholidostachys,dactyloides,,NY,Bernal,876,Colombia,1.45,1.75,78.48,-78.8,100,4,8,12,50,40,127,8.5,8,53,1.5,70,46.5,15.3,20,1,,,7,16,7.1,10,27,4.5,8.8,6.2,1,3,,2,3
17,Pholidostachys,dactyloides,,NY,Bernal,302,Colombia,6.44,6.74,76.22,-76.36,950,3.8,,20,,,68,9.2,9,,,,36.5,12.5,15,1,,,2.5,8.5,10,13,17,6.7,,,1,3,1,2,
1,Pholidostachys,dactyloides,,NY,Bernal,74,Colombia,5.5,5.83,76.15,-76.25,,5.7,8.2,13,39,20,120,13.3,9,34,0.8,33,,,,1,,,,,12.8,7,43,9.2,14.6,10.2,1,3,1,2,3
6,Pholidostachys,dactyloides,,NY,Bernal,351,Colombia,6.34,6.58,76.14,-76.24,800,7,7,15,25,50,109,15.7,10,50,2.5,62,58,18,,1,,,5,14.5,11.5,11,33,8.4,12.5,9.7,,3,1,2,3
195,Pholidostachys,dactyloides,,MO,Cerón,10131,Ecuador,0.03,0.05,79.07,-79.11,725,,,,,,,,,,,,,,,1,,,,,10.9,,35.5,5.6,,,,3,,2,
151,Pholidostachys,dactyloides,,MO,Cogollo,5056,Colombia,6.33,6.55,76.19,-76.31,932,3,5,,,50,100,8.1,9,36,0.7,52,,10,14,1,,,,,6.8,10,16,5.4,10.7,7.6,1,3,,2,3
19,Pholidostachys,dactyloides,,NY,Cogollo,3473,Colombia,6.34,6.56,76.19,-76.31,1440,2,4.5,,,,,11.3,,,,,44,9,16,1,,,,,,8,,,11.9,8.3,,,,2,3
95,Pholidostachys,dactyloides,,BH,Cook,165,Colombia,3.56,3.93,77.01,-77.01,,,,,,,,,,,,,,,,,,,,,,,,9.7,9.8,5.9,,,,,3
217,Pholidostachys,dactyloides,,AAU,Cornejo,4713,Ecuador,2.05,-2.08,79.03,-79.05,500,,9.2,17,,,,14.4,,,,,,12.7,7,1,,,5.5,14,12.3,9,33.5,8.4,,,,3,1,2,
215,Pholidostachys,dactyloides,,AAU,Cornejo,6593,Ecuador,0.21,0.35,78.34,-78.56,500,,,,,,,,,,,,,12,,1,,,6.5,11.5,6.1,11,33,5.4,,,,3,,2,
218,Pholidostachys,dactyloides,,AAU,Cornejo,3804,Ecuador,0.29,0.48,78.26,-78.44,190,,,12,,,,,,,,,,,,1,,,,20,7.5,10,21.5,4.7,9,5.8,,3,,2,3
183,Pholidostachys,dactyloides,,MO,Croat,61463,Ecuador,0.05,0.08,79.02,-79.03,750,,12,,,,,15.8,,,1.7,43,,,,1,,,4.5,12.7,12.3,9,42,6.9,,,,3,1,2,
104,Pholidostachys,dactyloides,,BH,Cuatrecasas,15982,Colombia,3.24,3.41,77.21,-77.35,15,10,6.5,,,,,,10,,,,,,,1,,,,,14,5,37,6.1,13.3,9,,3,,2,3
122,Pholidostachys,dactyloides,,COL,Cuatrecasas,17257,Colombia,3.28,3.46,77.13,-77.21,5,10,8,,,45,,,,,,,,,,1,,,,,10.1,,,,15.7,9.5,,3,,,3
8,Pholidostachys,dactyloides,,NY,de Nevers,8402,Panama,8.04,8.06,77.14,-77.23,1375,8.5,,20,30,80,110,10.6,8,,2.6,30,37.5,19.5,,1,30,,3.5,13,10.7,14,22.5,5.6,12.8,8,1,3,1,2,3
105,Pholidostachys,dactyloides,,BH,Dodson,8706,Ecuador,0.34,-0.56,79.16,-79.26,600,,,,,,,12.3,,,1.7,,,,,1,,,,,,12,46,7.7,14.5,8.1,,,,2,3
159,Pholidostachys,dactyloides,,MO,Dodson,8630,Ecuador,0.34,-0.56,79.16,-79.26,600,,,,,,,,,,,,,,,,,,,,,,,,13.2,8.1,,,,2,3
158,Pholidostachys,dactyloides,,MO,Dodson,5604,Ecuador,0.35,-0.586,79.21,-79.36,,,10,,,,,,,,,,,,,,,,,,4.7,2,,4.7,10.8,7.1,,3,,2,3
186,Pholidostachys,dactyloides,,MO,Dodson,10323,Ecuador,0.37,-0.61,79.18,-79.3,600,10,10,,,,,,,,,,,,,1,,,,,5.9,6,36.5,4.6,,,,3,1,2,
15,Pholidostachys,dactyloides,,NY,Dodson,14491,Ecuador,0.37,-0.61,79.18,-79.3,650,,,,,,,19.1,8,,4,60,,22.5,12,1,,,,,15.2,,44,8.1,15.1,8,,3,,2,3
192,Pholidostachys,dactyloides,,MO,Folsom,6639,Panama,8.5,8.83,78.25,-78.42,550,,,,,,,,,,,,,,,1,,,,,8,,15.5,5.8,,,,3,,2,
124,Pholidostachys,dactyloides,,COL,Galeano,451,Colombia,5.46,5.76,76.27,-76.45,150,6,7,9,,,221,,9,,,,,,,1,,,,,,,,,,,1,,1,2,
117,Pholidostachys,dactyloides,,COL,Galeano,445,Colombia,5.46,5.76,76.27,-76.45,150,6.2,8,11,65,50,231,20.1,12,,,,,,,1,,,4,21.5,14.4,13,40,7.2,,,1,,,2,
123,Pholidostachys,dactyloides,,COL,Gentry,35374,Colombia,3.55,3.91,77.07,-77.11,50,,,,,,,,,,,,,,,1,,,,,,4,,,,,,,,,
160,Pholidostachys,dactyloides,,MO,Gentry,56886,Colombia,3.56,3.93,77.08,-77.13,50,,10,,,,,18.1,13,,,,,,,1,,,,,,,75,8.4,,,,3,,2,
162,Pholidostachys,dactyloides,,MO,Gentry,36970,Colombia,5.3,5.5,76.37,-76.61,100,2,,,,,,,,,,,,,,1,,,,,9,7,35,6.4,,,,3,1,2,
177,Pholidostachys,dactyloides,,MO,Gentry,36843,Colombia,5.3,5.5,76.37,-76.61,100,,,,,,,13.2,,,,,,,,,,,,,,,,6.3,,,,3,,2,
11,Pholidostachys,dactyloides,,NY,Janovec,1284,Ecuador,0.5,0.83,78.55,-78.91,200,8,,,,,,11.9,7,83,4.5,54,,19.5,10,1,,,8.5,19.5,8,7,37,6.5,,,,3,,2,
193,Pholidostachys,dactyloides,,MO,Juncosa,1316,Colombia,5.12,5.2,76.37,-76.61,60,2,,,,,,18.5,,,4,,,,,1,,,,,13.5,9,38.5,4.7,,,,3,1,2,
219,Pholidostachys,dactyloides,,AAU,Løjtnant,15866,Ecuador,0.34,-0.56,79.19,-79.31,600,5,6.5,15,,,,,,,,,,17.5,,1,,,,,,,,7.5,,,1,3,,2,
154,Pholidostachys,dactyloides,,MO,Monsalve,971,Colombia,3.55,3.91,77,-77,100,,,,,,,,,,,,,,,1,,,,,8.4,5,36,6.9,,,,3,,2,
108,Pholidostachys,dactyloides,,BH,Moore,10211,Ecuador,0.36,-0.6,79.22,-79.36,,,,,110,,170,11.5,8,,4,,,,,1,,,7,19,9.7,14,48,5.7,14.5,8.8,1,3,,2,3
4,Pholidostachys,dactyloides,,NY,Orozco,2233,Colombia,5.27,5.45,76.03,-76.05,975,,,,,,,13.1,,52,3,47,,22.4,10,1,,,5.5,14.5,14.1,8,34,6.9,,,,3,1,2,3
16,Pholidostachys,dactyloides,,NY,Ortiz,124,Ecuador,1,1,78.33,-78.55,450,,,,,,,10.2,6,49.5,1.6,72,42,17,18,1,,,,,7.5,11,33,5.7,,,,3,1,2,
188,Pholidostachys,dactyloides,,MO,Palacios,11314,Ecuador,0.43,0.71,78.53,-78.88,150,,8,6,,,,,,,,,,,,1,,,7,20.5,7.4,,,4.9,10.5,6.6,,3,,2,3
165,Pholidostachys,dactyloides,,MO,Quelal,690,Ecuador,1.01,1.01,78.16,-78.26,900,,,,,,,11.1,15,,1.7,48,,,,1,,,,,10.5,11,39,6,,,,3,,2,
153,Pholidostachys,dactyloides,,MO,Rubio,1473,Ecuador,1.09,1.15,78.31,-78.51,80,,,,,,,8,8,,1.2,74,,,,1,,,,,7.6,7,32,5,,,,3,1,2,
155,Pholidostachys,dactyloides,,MO,Rubio,1137,Ecuador,1.02,1.03,78.26,-78.43,250,,,,,,,12.8,7,,1.8,68,,13,,1,,65,,,,9,,,,,,3,1,2,
118,Pholidostachys,dactyloides,,COL,Siefke,4,Colombia,1.24,1.4,78.34,-78.56,60,,5.5,21,,110,,,7,,,,,,,1,,,,,,9,37,,,,1,,,2,
209,Pholidostachys,dactyloides,,AAU,Skov,64707,Ecuador,0.04,0.06,79.03,-79.05,500,3,6,17,,70,175,15.2,8,87.5,7.5,45,45,16,,1,,,,12,11.9,9,42,6.3,11.8,7.1,1,3,,2,3
178,Pholidostachys,dactyloides,,MO,Tipaz,1369,Ecuador,1,1,78.24,-78.4,,,,,,,,,,,,,,,,1,,,,,,9,,4.5,,,,3,1,2,
157,Pholidostachys,dactyloides,,MO,Vargas,6108,Ecuador,2.25,-2.41,79.14,-79.23,550,,,,,,,10.2,10,,1,,,,,2,,,,,12.9,,,6.9,13.4,7.9,,3,,2,3
161,Pholidostachys,dactyloides,,MO,Vargas,5591,Ecuador,2.33,-2.55,79.21,-79.35,,,,,,,,11.6,,,2.2,48,,,,,,,,,,,,,11.6,7.5,,,,2,3
5,Pholidostachys,occidentalis,,NY,Balslev,62096,Ecuador,0.5,0.83,78.27,-78.45,850,11,7,18,20,45,150,17.7,12,34,1.4,61,51,16.5,28,1,62,59,4,72,10.5,7,43,7.1,,,1,1,2,3,
59,Pholidostachys,occidentalis,,NY,Balslev,60678,Ecuador,0.17,-0.28,79.15,-79.25,300,2.5,15,20,,,,13.4,13,42,3,48,34,16.5,18,1,,,,75.5,12.5,7,,7.7,16.2,9.8,1,1,2,3,1
140,Pholidostachys,occidentalis,,COL,Bernal,1536,Colombia,3.53,3.88,76.37,-76.61,925,4.5,10,13,,,194,,13,,,,,,,,,,,138,,7,,,,,1,,2,3,
53,Pholidostachys,occidentalis,,NY,Bernal,906,Colombia,1.19,1.33,78.09,-78.15,1200,3.5,8,14,,,186,7.8,12,43,2,60,41,18,29,1,,,,171,10.9,7,64,7.8,,,1,1,2,3,
68,Pholidostachys,occidentalis,,NY,Betancur,3191,Colombia,5.26,5.43,76.02,-76.03,1500,7,,15,16,60,,16.5,8,43,4,40,36.5,10,20,,,,,,,,37,8.4,,,1,1,2,3,
164,Pholidostachys,occidentalis,,MO,Boyle,2048,Ecuador,1.02,1.03,78.15,-78.25,1240,3,8.3,,,,,11.5,,,1.7,,,17.4,25,1,,,11.5,,6.3,,53,7.1,16.8,8.5,1,1,2,3,1
81,Pholidostachys,occidentalis,,NY,Clark,3976,Ecuador,0.22,0.36,79.44,-79.73,650,,10.4,,,,,22.6,,51,3.3,65,,,,1,,,,,8.3,6,64,7.6,,,,1,,3,
214,Pholidostachys,occidentalis,,AAU,Cornejo,4253,Ecuador,2.03,-2.06,79.06,-79.1,400,,,,,,,,,38.5,4,56,,25.5,,1,,,,,11.1,6,,7.9,18,9.7,,1,,3,1
110,Pholidostachys,occidentalis,,BH,Dodson,9093,Ecuador,3.43,-3.73,79.43,-79.72,850,,,,,,,10.7,,,6.5,,,,,,,,,,,,,6.3,,,,1,,3,
163,Pholidostachys,occidentalis,,MO,Hammel,17148,Colombia,1.15,1.25,78.07,-78.11,1000,,,,,,,17.3,,,3.2,,,,,1,,,,,8.2,7,33,6.5,,,,1,2,3,
51,Pholidostachys,occidentalis,,NY,Henderson,138,Colombia,6.45,6.75,76.18,-76.3,1000,2.5,7,17,40,,198,24.4,12,50,3.4,67,41,25,29,1,,,,,11.5,8,46,8.6,,,1,1,2,3,
200,Pholidostachys,occidentalis,,AAU,Knudsen,451,Ecuador,1.38,-1.63,79.19,-79.31,600,8,11,12,,,,13.8,,83,10,34,54,18.5,25,1,,,,,9.5,9,60.5,6.8,,,,1,,3,
202,Pholidostachys,occidentalis,,AAU,Knudsen,9606,Ecuador,1.38,-1.63,79.19,-79.31,500,,15,,,,,22,,48,3.3,57,,19.5,,,,,,,,,57,7.3,,,,,2,3,
221,Pholidostachys,occidentalis,,AAU,Knudsen,9605,Ecuador,1.38,-1.63,79.19,-79.31,500,,15,12,,,,18.1,,41.5,5.3,54,,,,,,,,,12.2,,,7.5,,,,1,,3,
179,Pholidostachys,occidentalis,,MO,Palacios,13689,Ecuador,0.19,0.31,79.46,-79.76,550,,,,,50,,,,,,,,,,1,,,,,,,,6.3,,,,,,3,
135,Pholidostachys,occidentalis,,COL,Sánchez,1080,Colombia,6.45,6.75,76.18,-76.3,1600,7,8,,,,234,,13,,,,,,,,,,,,,11,,,,,1,,2,3,
253,Pholidostachys,panamensis,,MO,de Nevers,8043,Panama,9.23,9.38,78.48,-78.8,450,1.5,,,,137,150,6.1,6,,9.5,43,,16.7,15,0,,,,,,1,,,,,,5,1,1,
254,Pholidostachys,panamensis,,MO,de Nevers,8552,Panama,9.19,9.31,78.55,-78.91,350,1.5,11,15,27,150,121,,6,,,,,18.5,,0,16.5,,,,,1,,,,,1,5,,,
255,Pholidostachys,panamensis,,MO,de Nevers,7031,Panama,9.24,9.4,79.07,-79.11,60,1.5,,12,,110,155,10.7,5,42,2.3,55,49.5,21.5,13,0,16,19,5,,,1,,,,,1,5,1,1,
278,Pholidostachys,panamensis,,MO,de Nevers,7310,Panama,9.19,9.31,78.55,-78.91,350,1.3,,8,19,112,155,9.7,7,67,8.7,39,32.5,18.5,18,0,18.5,22.5,3.7,6.2,8.4,1,15.5,10.8,22.5,21.8,1,5,1,1,4
279,Pholidostachys,panamensis,,MO,de Nevers,7644,Panama,9.25,9.41,79.11,-79.18,65,1.5,,19,24,98,111,11.1,6,70.5,6.5,42,46,15.5,21,0,17.3,,,,,1,,9.8,,,1,5,1,1,
47,Pholidostachys,panamensis,,NY,de Nevers,4467,Panama,9.19,9.31,78.55,-78.91,350,3,,10,,,,9.6,,63.5,4.5,50,47,21.5,20,0,,,,,13.5,1,,,,,,5,1,1,
48,Pholidostachys,panamensis,,NY,de Nevers,6964,Panama,9.2,9.33,79.08,-79.13,450,1.1,,13,17,112,150,7.2,5,78,10,42,48,15.5,13,0,,,,,,1,13.7,8.7,31.5,18.9,,5,,1,4
49,Pholidostachys,panamensis,,NY,de Nevers,6371,Panama,8.38,8.63,80.39,-80.65,700,0.3,,,,,,9.8,,34.5,2.3,51,35,27,,0,11.5,19,2.5,,,1,,,32.1,24.5,1,5,1,1,4
46,Pholidostachys,panamensis,,NY,de Nevers,6767,Panama,8.34,8.56,80.56,-80.93,700,0.45,6,8,27,36,95,,6,,,,45,21.7,18,0,11.5,,,,,1,,8.7,,,1,5,1,1,
280,Pholidostachys,panamensis,,MO,Hammel,13661,Panama,8.38,8.63,80.38,-80.63,750,,,,,,,6.9,,,,,,16.5,,0,,,,,,1,,10.5,,,,5,1,1,
28,Pholidostachys,panamensis,,NY,Henderson,3037,Panama,8.4,8.66,80.35,-80.58,724,0.35,8,11,15,62,72,7.1,5,38,2.3,45,36,13,10,0,,,2,4,8.2,1,11.5,8.2,,,1,5,1,,
281,Pholidostachys,panamensis,,MO,Liesner,1255,Panama,9.18,9.31,78.56,-78.94,350,1,,,,,,,5,,,,,,,0,,,,,,1,,11.2,28.2,18.1,,5,1,1,4
210,Pholidostachys,panamensis,,AAU,Roncal,319,Panama,8.4,8.66,80.35,-80.58,768,0.12,,12,,,,10.2,8,,,,,10,28,0,,,,,,1,,12.1,,,,5,1,1,
50,Pholidostachys,panamensis,,NY,Roncal,334,Panama,8.4,8.66,80.35,-80.58,695,0.55,4.4,12,,,,8.7,7,28.5,0.7,47,,,,0,,,,3.5,,1,,,,,,5,,,
102,Pholidostachys,pulchra,,BH,Anderson,13,Colombia,3.56,3.93,77.01,-77.01,,3,5,9,32,105,130,13.1,5,,0.8,,54,4.3,,0,,,,,5.3,1,60,7.2,,,1,4,2,1,
35,Pholidostachys,pulchra,,NY,Bacon,65,Costa Rica,10.25,10.42,84,-84,34,,,,,,,6.2,,,1.5,70,,,,0,,,,,6,1,,9.2,,,1,4,2,1,
129,Pholidostachys,pulchra,,COL,Bernal,1759,Colombia,3.1,3.16,77.22,-77.36,100,2,3,8,,,56,,4,,,,,,,0,,,,,,1,,,,,1,,2,1,
45,Pholidostachys,pulchra,,NY,Bernal,1076,Colombia,5.5,5.83,76.4,-76.66,150,1.6,3.5,10,20,85,62,4.3,5,44.5,0.7,93,44,4,27,0,14.5,,,,,1,,,13.9,8.7,1,4,2,1,1
27,Pholidostachys,pulchra,,NY,Betancur,2972,Colombia,5.17,5.28,76.13,-76.21,600,,,,24,150,58,7.1,4,,1.5,,,,,0,,,,10,5.6,1,,7.6,,,1,4,2,1,
233,Pholidostachys,pulchra,,MO,Boyle,1427,Costa Rica,10.19,10.31,84.04,-84.06,520,,3.5,,,80,,,6,,,,,,,0,,,,16.5,4.1,1,29.5,6.6,,,,4,2,1,
31,Pholidostachys,pulchra,,NY,Boyle,2862,Costa Rica,10.17,10.28,84.04,-84.06,750,4,4,,,,,5.3,,,1.5,62,,,,0,,,,,,1,,10.6,26.1,12.8,,4,2,1,1
197,Pholidostachys,pulchra,,F,Bunting,772,Nicaragua,11.01,11.02,84.24,-84.4,,3.5,4,,,,,6.1,,61,1.8,65,,,,0,,20.5,,,,1,,6.9,20.4,10.1,1,4,2,1,1
256,Pholidostachys,pulchra,,MO,Busey,883,Panama,9.23,9.38,78.58,-78.96,500,,,,,,,8.1,,,1.2,,,,,0,11.5,,3,14,5.4,1,37,9.1,24.2,11.6,,4,2,1,1
249,Pholidostachys,pulchra,,MO,Cannarella,8812,Costa Rica,10.25,10.43,84,-84,100,,,,,,,6.2,,,1.3,,,,,0,,,3.4,14,5.3,1,,8.7,23.1,9.6,,4,2,1,1
270,Pholidostachys,pulchra,,MO,Correa,677,Panama,9.19,9.31,79.39,-79.65,,,,,,,,,,,,,,,,,,,,,,,,,22.2,9.8,,,,,1
96,Pholidostachys,pulchra,,BH,Croat,33765,Panama,9.17,9.29,78.56,-78.93,330,,,,,,,,,,,,,,,0,17.5,,,,,1,68,13.3,,,,4,2,1,
267,Pholidostachys,pulchra,,MO,Croat,23014,Panama,8.3,8.5,81.06,-81.11,1000,,,,,,,,5,,,,,,,0,,28.5,5,10.5,4.8,1,20,8.9,23.4,11.9,,4,2,1,1
263,Pholidostachys,pulchra,,MO,Croat,26038,Panama,9.16,9.26,78.56,-78.94,,,,,,,,,,,,,,,,0,,,,,,1,,10.5,21.7,11.3,,4,2,1,1
127,Pholidostachys,pulchra,,COL,Cuatrecasas,14012,Colombia,3.15,3.25,77.25,-77.41,12,,,,,,,,,,,,,,,,,,,,,,,,,,,,,,
128,Pholidostachys,pulchra,,COL,Cuatrecasas,17377,Colombia,3.28,3.46,77.13,-77.21,42,,,,,,,,,,,,,,,0,,,,,3.6,1,,,15,6.6,,4,2,1,
241,Pholidostachys,pulchra,,MO,Davidse,31013,Costa Rica,10.4,10.66,83.4,-83.66,65,3,,,,,,6.3,,,,,,,,0,21.5,,,,,1,,8.6,25.7,11.6,1,4,2,1,1
264,Pholidostachys,pulchra,,MO,de Nevers,6713,Panama,8.42,8.7,80.28,-80.46,500,5,,,,,,4.7,,,0.8,71,30.5,5.5,13,0,,,,11,5.8,1,27,6.9,,,2,4,2,1,
259,Pholidostachys,pulchra,,MO,de Nevers,8551,Panama,9.19,9.31,78.55,-78.91,350,4,3.75,,30,80,70,6.5,7,,1.3,,,12,,0,14.7,,1.5,10.5,6.4,1,,11.5,22.2,11.2,2,4,2,1,1
262,Pholidostachys,pulchra,,MO,de Nevers,7972,Panama,9.23,9.38,78.48,-78.8,200,5,,,,,,9.3,,,1.5,70,44,19,14,0,21,,,,,1,,10.7,,,2,4,2,1,
29,Pholidostachys,pulchra,,NY,de Nevers,10598,Panama,8.4,8.66,81.05,-81.08,500,1.5,,,,,,,3,,0.8,,,11,,0,,,,,3.6,1,,,,,1,4,2,1,
23,Pholidostachys,pulchra,,NY,de Nevers,4285,Panama,9.19,9.31,78.55,-78.91,275,4,,,,,,7.2,,48,0.5,45,,20,,0,,,,17,6.7,1,,,20.4,10.9,,4,2,1,1
25,Pholidostachys,pulchra,,NY,de Nevers,6160,Panama,9.19,9.31,78.55,-78.91,350,5,,,,,84,7.3,,,1,52,39,14,15,0,29,27,5,17,5.2,1,,10.8,20.2,11.6,1,4,2,1,1
30,Pholidostachys,pulchra,,NY,de Nevers,10653,Panama,9.2,9.33,79.45,-79.75,350,5,5,,,,,6.6,,,,,,,,0,8.3,,,,4,1,,,,,1,4,2,1,
36,Pholidostachys,pulchra,,NY,de Nevers,4465,Panama,9.19,9.31,78.55,-78.91,250,4,4,,,,,10.6,,56,1.5,60,,8.5,17,0,,22,2,,,1,,10,20.4,9.6,1,4,2,1,1
38,Pholidostachys,pulchra,,NY,de Nevers,6294,Panama,9.18,9.3,79.16,-79.26,825,4,,,,,,,,,,,37,10,11,0,17.5,,4.2,15.5,,1,,,,,1,4,2,1,
39,Pholidostachys,pulchra,,NY,de Nevers,6654,Panama,9.23,9.38,78.51,-78.85,415,5.45,,16,,79,103,11.5,7,56.5,1.2,,,,,0,24,52,2.5,19.5,,1,85,10.9,23.4,10,2,,2,1,
40,Pholidostachys,pulchra,,NY,de Nevers,6246,Panama,9.18,9.3,79.16,-79.26,750,6,,,40,62,79,8.1,7,46,0.4,56,37.5,9.7,16,0,22,,,,,1,,10.6,,,1,4,2,1,
41,Pholidostachys,pulchra,,NY,de Nevers,5432,Panama,9.18,9.3,79.16,-79.26,850,5,,,,,,6,,51.5,1.3,49,45,14.2,15,0,20,,6,13.5,5.9,1,,10.5,22.4,11.2,,4,2,1,1
43,Pholidostachys,pulchra,,NY,de Nevers,5206,Panama,9.19,9.31,78.55,-78.91,350,6,,,,,,,,,,,,8,17,0,6.6,,,,,1,,,,,,4,2,1,
44,Pholidostachys,pulchra,,NY,de Nevers,5364,Panama,9.19,9.31,78.55,-78.91,200,4,,,,,,6.7,,40,0.5,71,45,12,21,0,10,36,4.5,20,11.8,1,57,16.2,19.9,10,,4,2,1,1
285,Pholidostachys,pulchra,,K,Dransfield,4906,Costa Rica,10.26,10.43,84.02,-84.03,100,4,7,14,20,80,,,7,,,,,,,0,10.5,20.2,3.7,14,4.2,1,,8.3,22,10,1,4,2,1,1
257,Pholidostachys,pulchra,,MO,Folsom,5250,Panama,8.4,8.66,80.36,-80.6,700,,,,,,,,,,,,,,,0,19,46,,,,1,,8.4,25.5,12.1,,4,2,1,1
269,Pholidostachys,pulchra,,MO,Folsom,1488,Panama,9.16,9.26,78.55,-78.92,425,,,,,,,,,,,,,,,0,,,1.1,19.5,7.5,1,,11.7,22.3,10.3,,4,,1,1
248,Pholidostachys,pulchra,,MO,Frankie,430,Costa Rica,10.25,10.43,84,-84,,,,,,,,6.9,,,1.3,51,,,,0,,,,,,1,,7.6,21.8,9.1,,4,2,1,1
284,Pholidostachys,pulchra,,COL,Galeano,8129,Colombia,4.04,4.06,77.12,-77.2,54,3,5,8,48,91,77,,5,,,,,,,0,,,10,33,7.1,1,84,10.4,11.5,6.8,1,4,2,1,
142,Pholidostachys,pulchra,,COL,Galeano,406,Colombia,5.46,5.76,76.27,-76.45,150,2,4,7,40,49,61,6.7,6,44,0.5,58,44,8.5,19,0,13.5,12.5,2,6.5,,1,14,9.1,,,1,4,2,1,
282,Pholidostachys,pulchra,,COL,Galeano,8006,Colombia,5.44,5.73,76.31,-76.51,78,4,4.5,12,,,50,5.9,5,44,0.5,67,39,9.5,18,0,14.7,29,3,6.5,,1,23,9.6,,,1,4,2,1,
283,Pholidostachys,pulchra,,COL,Galeano,7987,Colombia,5.44,5.73,76.31,-76.51,78,1.8,3.5,8,,,,,5,,,,,,,0,,,,6,,1,10.5,,,,1,4,2,1,
229,Pholidostachys,pulchra,,BM,Garwood,1045,Costa Rica,10.35,10.58,84.03,-84.05,100,,,,,,,6.4,,55.5,1.2,50,,,,0,,,,,5.3,1,,9.2,18.5,9.8,,4,,1,1
141,Pholidostachys,pulchra,,COL,Gentry,30155,Colombia,5.46,5.76,76.34,-76.56,80,,,,,,,,,,,,,,,0,,,,,,1,,,,,,,,1,
281,Pholidostachys,pulchra,,COL,Gentry,23777,Colombia,5.32,5.53,76.38,-76.63,80,,,,,,,,,,,,,,,0,,,1.5,4.5,4.2,1,7.5,8.5,,,,4,2,1,
251,Pholidostachys,pulchra,,MO,Gómez,21158,Costa Rica,10.09,10.16,83.57,-83.95,,3,,,,,,6.4,,,1,65,,,,0,18,,,,,1,,,,,,4,2,1,
238,Pholidostachys,pulchra,,MO,Grayum,8988,Costa Rica,10.38,10.63,83.45,-83.75,15,,,,,,52.5,5.8,8,,1.2,,,9.2,16,0,,,1.7,10,3.6,1,,7,21.4,9.9,1,4,2,1,1
26,Pholidostachys,pulchra,,NY,Grayum,6757,Costa Rica,10.17,10.28,84.04,-84.06,725,,,,,,56,6.9,7,56,1,60,42,14,15,0,,,,,6.8,1,,9.4,24.9,13.4,1,4,2,1,1
97,Pholidostachys,pulchra,,BH,Hammel,2396,Panama,8.4,8.66,80.36,-80.6,,,,,,,,,,,1,,,,,,,,,,,,,,26.9,11.5,,,,,1
288,Pholidostachys,pulchra,,CR,Hammel,16890,Costa Rica,8.33,8.55,83.35,-83.58,350,,,,,,,,,,,,,,,0,,,,,,1,,,,,1,4,2,1,
232,Pholidostachys,pulchra,,MO,Hammel,14141,Costa Rica,10.12,10.2,83.32,-83.53,100,,,,,,,,,,,,,15,15,0,11.5,27.5,2.5,,,1,,7.5,,,,4,2,1,
246,Pholidostachys,pulchra,,MO,Hammel,12712,Costa Rica,10.25,10.43,84,-84,100,,,,,,,,,,,,,,,0,,,,,,1,40.5,8.7,,,,4,2,1,
250,Pholidostachys,pulchra,,MO,Hammel,8647,Costa Rica,10.25,10.43,84,-84,100,,,,,,,6.3,7,,1.4,,,,,0,,,,,,1,,8.9,19.5,9.9,,4,,1,1
21,Pholidostachys,pulchra,,NY,Henderson,52,Costa Rica,10.25,10.42,84,-84,,4,,,,,,6.7,,,1.7,60,,11,16,0,,,,,6.9,1,,,,,1,4,2,1,
37,Pholidostachys,pulchra,,NY,Henderson,59,Costa Rica,10.27,10.45,84.04,-84.06,,3,,,,,,6.9,,37,1,80,38.5,13.5,18,0,,,,,,1,,9.9,21.1,11.7,1,4,2,1,1
20,Pholidostachys,pulchra,,NY,Henderson,3049,Panama,9.15,9.25,79.4,-79.66,,6.6,6,19,35,117,85,7.7,,57.5,1.2,70,39.5,13,13,0,,52.5,5,16,8.4,1,46,12.7,22.2,13.1,2,4,2,1,1
24,Pholidostachys,pulchra,,NY,Henderson,709,Panama,9.22,9.36,78.58,-78.96,375,5,8,11,,,63,,8,,,,,11.5,25,0,,,,,,1,,,,,1,4,2,1,
42,Pholidostachys,pulchra,,NY,Henderson,712,Panama,9.19,9.31,78.55,-78.91,,4,6,23,,,118,,9,,,,,13,13,0,,,3,13.5,5.9,1,47.5,10.5,21.2,11.3,2,4,2,1,1
242,Pholidostachys,pulchra,,MO,Jiménez,1757,Costa Rica,10.3,10.5,83.41,-83.68,20,4,,,,,,,,,,,,,,0,,,2.7,12.5,5.8,1,,8.8,23.8,12.7,1,4,2,1,1
261,Pholidostachys,pulchra,,MO,Knapp,3470,Panama,8.4,8.66,80.36,-80.6,775,,,,,,,,,,,,,,,0,,,5.3,12,5.9,1,28.5,9,20.7,10.6,,4,,1,1
226,Pholidostachys,pulchra,,AAU,Knudsen,613,Panama,9.19,9.31,78.55,-78.91,,5,5,12,,,,,8,,,,,,,0,13.5,,,,,1,,9.5,,,1,4,2,1,
99,Pholidostachys,pulchra,,BH,Langlois,16,Costa Rica,10.21,10.35,84.13,-84.21,,,,,,,,8.1,,,1.7,,,,,0,12.5,29,3,14.5,8.3,1,,9.7,,,,4,2,1,
100,Pholidostachys,pulchra,,BH,Langlois,4,Costa Rica,10.21,10.35,84.13,-84.21,,,,,,,,,,,,,,,,0,,,3.5,14,,1,,13.5,23.1,14.6,,,,1,1
198,Pholidostachys,pulchra,,F,Lent,319,Costa Rica,10.12,10.2,83.48,-83.8,350,,,,,,,6.2,,39,1,56,,11,12,0,11.5,24,3,11.5,4.2,1,21.7,7.7,24.3,12.6,,4,2,1,1
34,Pholidostachys,pulchra,,NY,Lent,2130,Costa Rica,10.24,10.4,84.07,-84.11,220,,,,,,,,,,,,,,,0,,,,,,,,7.8,,,,4,,1,
266,Pholidostachys,pulchra,,MO,Liesner,818,Panama,8.31,8.52,81.07,-81.12,950,,,,,,32.5,3.3,4,,,,,,,0,,,3,8,4.5,1,,8.8,22.7,12.8,,4,,1,1
287,Pholidostachys,pulchra,,BM,McDonagh,275,Panama,9.2,9.33,78.56,-78.93,400,,,,,,,,,,,,,,,0,9.5,,,,,1,,7.6,,,,4,2,1,
258,Pholidostachys,pulchra,,MO,McPherson,20789,Panama,8.53,8.88,80.4,-80.66,100,,,10,,,,4.7,,,1,,,,12,0,,,3,9.5,5.2,1,,10.4,21.7,10,,4,2,1,1
244,Pholidostachys,pulchra,,MO,Merello,3163,Panama,8.49,8.81,80.4,-80.66,298,,,,,,,,,,,,,,,0,20,,8.5,20.5,7.4,1,,10.7,,,1,4,2,1,
245,Pholidostachys,pulchra,,MO,Merello,3098,Panama,8.49,8.81,80.39,-80.63,323,,,,,,,,,,,,30,10,11,0,8,,4.3,11.5,6,1,24,8.7,,,1,4,2,1,
101,Pholidostachys,pulchra,,BH,Moore,5119,Costa Rica,10.25,10.41,84.01,-84.01,100,,,,,,,,,,,,,,,0,,,1.7,11.5,4.8,1,,8.3,23.1,12.1,,4,2,1,1
114,Pholidostachys,pulchra,,BH,Moore,9410,Costa Rica,10.25,10.42,84,-84,110,,,,,,,5,,,1.4,,,11.5,,0,13.7,32,1.6,8,,1,,,,,1,4,2,1,
32,Pholidostachys,pulchra,,NY,Moore,6586,Costa Rica,10.25,10.42,84,-84,100,,,20,,,,,,,,,,,,0,,,2.7,12,6.9,1,41,8.2,22.6,11.2,2,4,2,1,1
33,Pholidostachys,pulchra,,NY,Morales,1858,Costa Rica,10.09,10.15,83.56,-83.93,500,,,,,,,,,,,,,,,0,12,,,11.5,6.8,1,33,7.9,,,,4,2,1,
98,Pholidostachys,pulchra,,BH,Mori,3183,Panama,8.33,8.55,81.1,-81.17,400,,,,,,,,,,,,,,,0,5,20,3,14,4.7,1,31,8.8,29.2,12.2,,4,2,1,1
265,Pholidostachys,pulchra,,MO,Mori,7626,Panama,8.31,8.52,81.07,-81.12,,,,8,,,32,4.4,4,,1.3,,,5.5,16,0,,,4.2,11,4,1,14,6.8,26.9,12.2,,4,,1,1
268,Pholidostachys,pulchra,,MO,Mori,2640,Panama,8.31,8.52,81.07,-81.12,,1.5,,,,,,5.9,,,0.7,,,15.5,14,0,,,4.3,12.5,4.3,1,,6.2,28.3,13.4,,4,,1,1
247,Pholidostachys,pulchra,,MO,Nee,10961,Panama,9.17,9.29,78.56,-78.93,,,,,,,,,,,,,,,,0,12,,,,10.3,1,,13.9,21.6,12.1,,4,2,1,1
260,Pholidostachys,pulchra,,MO,Nee,10515,Panama,9.16,9.27,78.55,-78.93,450,,4,,,,,6.2,,,0.8,,,14.5,14,0,,,1.5,17,7.2,1,,11.5,23.2,11.2,,4,2,1,1
239,Pholidostachys,pulchra,,MO,Rodriguez,5397,Costa Rica,10.07,10.11,83.3,-83.51,400,,,,,,,7.2,4,,2.7,53,,15,11,0,12,,,,7.4,1,,8.4,21.3,9.9,,4,2,1,1
227,Pholidostachys,pulchra,,AAU,Roncal,326,Panama,8.4,8.66,80.35,-80.58,743,2.43,3.2,11,,,,5.9,9,35.5,1,59,,,,0,,,,11,4,1,,9.3,22,10.5,,4,2,1,1
22,Pholidostachys,pulchra,,NY,Roncal,337,Panama,8.4,8.66,80.35,-80.58,716,1.92,4.4,9,,61,,5.8,8,38,1.3,66,35,10,15,0,20,59,4,14.7,4.1,1,36,12,22.6,12.3,,4,2,1,1
234,Pholidostachys,pulchra,,MO,Rueda,4038,Nicaragua,10.47,10.78,84.12,-84.2,,,,,,,,6.4,,58.5,3,42,,,,0,,,,,,1,,,24.9,12.2,,4,2,1,1
235,Pholidostachys,pulchra,,MO,Rueda,5773,Nicaragua,11.06,11.1,84.14,-84.23,,,,,,,,6.4,,,,,,,,0,,,,,5.8,1,,,,,,4,2,1,
236,Pholidostachys,pulchra,,MO,Rueda,1398,Costa Rica,10.24,10.4,84.03,-84.05,200,,,,,,,,,,,,,,,0,,,,,6.7,1,,10.2,,,,4,2,1,
243,Pholidostachys,pulchra,,MO,Rueda,10221,Nicaragua,11.22,11.36,84.01,-84.01,275,,,,,,,,,,,,,,,0,,,,,4.9,1,,6.6,20.5,10.2,,4,2,1,1
237,Pholidostachys,pulchra,,MO,Soto,1597,Costa Rica,10.07,10.11,83.3,-83.51,350,,,,,,,3.9,,,,,,8.2,16,0,,,,,4.4,1,,7,20.7,11.6,,4,2,1,1
231,Pholidostachys,pulchra,,MO,Stevens,23971,Costa Rica,10.4,10.66,83.4,-83.66,55,2,,,,,,,,,,,,,,0,15.5,,1.7,10.4,4.8,1,44,8.8,22,10.9,,4,2,1,1
240,Pholidostachys,pulchra,,MO,Stevens,24529,Costa Rica,10.41,10.68,83.38,-83.63,95,3.5,,,,70,,,,,,,,,,0,14.5,,,,5,1,,10.3,25.8,13,,4,2,1,1
113,Pholidostachys,pulchra,,BH,Tomlinson,,Costa Rica,10.17,10.29,84.1,-84.16,,,,,,,,9,,44.5,1.3,,,13.6,,0,11.3,27.5,1.5,8.5,,1,,8.1,20.8,10.9,,4,2,1,1
252,Pholidostachys,pulchra,,MO,Zamora,441,Costa Rica,10.09,10.16,83.57,-83.95,600,,,,,,,9.3,,,1.5,,,,,0,,,,,,1,,,24.3,11,,4,,1,1
280,Pholidostachys,sanluisensis,,COL,Bernal,4343,Colombia,5.58,5.96,74.51,-74.85,850,2,4,10,,,92,7.6,10,39,1,80,30.5,6,20,1,,41.4,,,,4,32,,,,1,3,1,2,
13,Pholidostachys,sanluisensis,,NY,Callejas,4021,Colombia,6.08,6.13,75.1,-75.16,1035,5,,15,50,100,,8.8,7,,1.4,85,,19.3,10,1,,,4.5,14.5,8,4,38.5,8.2,19.9,10.7,1,3,1,2,2
14,Pholidostachys,sanluisensis,,NY,Callejas,4274,Colombia,6.05,6.08,75,-75,1440,3,,9,,87,,11.9,12,,2,,,13.2,9,1,,,11.5,26,8.2,4,36,6.7,19.9,10.5,1,3,,2,2
125,Pholidostachys,sanluisensis,,COL,Hernández,442,Colombia,6.01,6.02,74.57,-74.95,700,,,,,,,,,,,,,,,,,,,,,,43.5,8.8,,,,,,2,
94,Pholidostachys,sanluisensis,,BH,Juncosa,726,Colombia,5.57,5.95,74.54,-74.9,1000,2.5,,,,,,9.1,,,1.5,,,,,1,,,5,13.5,9.2,4,42.5,7.8,19.6,9.8,,3,1,2,2
166,Pholidostachys,sanluisensis,,MO,Juncosa,735,Colombia,5.57,5.95,74.57,-74.95,1000,,,,,,,10.3,8,,1,57,,,,1,,,,,7.6,4,26,8,,,,3,1,2,
103,Pholidostachys,synanthera,robusta,AAU,Balslev,7320,Peru,3.45,-3.75,74.22,-74.36,175,2.67,4,18,74,36,,,,,7.6,,,,,2,,41,7,57,16.3,,24.5,5.3,,,,2,,3,
199,Pholidostachys,synanthera,robusta,AAU,Balslev,7316,Peru,3.44,-3.73,74.25,-74.41,160,,,,,,,5.4,,,,,,,,2,,,5,30,11.9,,23,4.6,12.4,7,,2,,3,5
205,Pholidostachys,synanthera,robusta,AAU,Balslev,6891,Peru,3.4,-3.66,74.17,-74.28,122,4,4,16,,,,6.4,10,45,0.8,60,44,6.5,15,2,,,8,45,12.4,20,31.5,4.5,10.2,6.7,1,,2,3,5
206,Pholidostachys,synanthera,robusta,AAU,Balslev,7491,Peru,3.39,-3.65,74.18,-74.3,180,4.2,4,14,42,76,,7.3,,,,,,7.5,,2,,,,42,,,23.5,6.1,,,,2,,3,
207,Pholidostachys,synanthera,robusta,AAU,Balslev,7028,Peru,3.37,-3.61,73.58,-73.96,135,6,6.5,,,,,,,50,1,44,46.5,12,11,2,,,7.5,,9.8,,36,4.6,12.2,8.1,1,2,,3,5
208,Pholidostachys,synanthera,robusta,AAU,Balslev,6941,Peru,4.21,-4.35,73.11,-73.18,135,1.5,5,11,15,90,,6.5,7,57,1.8,43,57.5,22.5,,2,,,,,11.5,,19,5.2,,,,2,,3,
212,Pholidostachys,synanthera,robusta,AAU,Balslev,7012,Peru,3.33,-3.55,74.04,-74.06,135,5,5,12,25,75,70,,12,,,,,,,,30,25,,,,25,,,,,,,,,
213,Pholidostachys,synanthera,robusta,AAU,Balslev,7452,Peru,3.58,-3.96,74.16,-74.26,135,2.17,4,13,31,78,,,8,,,,,,,,,40,,47,,,,,,,,2,,3,
223,Pholidostachys,synanthera,robusta,AAU,Balslev,7296,Peru,3.37,-3.61,74.35,-74.58,140,,,,,,,,,,,,,,,,,,,,,,,,13.9,7,,2,,3,5
224,Pholidostachys,synanthera,robusta,AAU,Balslev,7295,Peru,3.37,-3.61,74.35,-74.58,140,1.45,3,13,37,70,,,,,,,,,,,,19,,30,,,,3.7,,,,2,,3,
132,Pholidostachys,synanthera,robusta,COL,Bernal,2948,Colombia,3.49,0.81,70.09,-70.15,100,2,5,15,,,88,,,,,,,,,2,,,,,,,,,,,1,,,3,
134,Pholidostachys,synanthera,robusta,COL,Bernal,2579,Colombia,0.39,-0.65,72.04,-72.06,200,2,4,15,,,67,,5,,,,,,,1,,,,,,,,,,,1,,,3,
136,Pholidostachys,synanthera,robusta,COL,Bernal,2588,Colombia,0.39,-0.65,72.05,-72.08,200,1.5,5,12,40,76,82,,,,,,,,,2,,,,,,,,,,,1,,2,3,
139,Pholidostachys,synanthera,robusta,COL,Bernal,2589,Colombia,0.39,-0.65,72.05,-72.08,200,1.7,4,4,27,44,78,,7,,,,,,,2,,,,,,,,,,,,,,3,
275,Pholidostachys,synanthera,robusta,COAH,Castaño,562,Colombia,0.39,-0.65,72.04,-72.06,130,,,,,79,,,,,,,,,,1,,,,,,,26.5,4.7,,,1,2,2,3,
147,Pholidostachys,synanthera,robusta,MO,Del Carpio,2171,Peru,,,,,90,,,,,,,6.5,,,2.6,68,,,,,,,,,7.2,,,4.9,17.7,10.5,,2,,3,5
64,Pholidostachys,synanthera,robusta,NY,Fleck,818,Peru,5.11,-5.18,72.53,-72.88,,2.51,3.2,14,,,,6.5,,,,,,,,1,,,,,10.4,13,28.5,5,,,1,2,2,3,
62,Pholidostachys,synanthera,robusta,NY,Galeano,1148,Colombia,0.45,-0.74,72,-72,150,3,4,10,32,57,77,,5,,,,,,,2,,,,42,12.6,10,47,4.8,,,1,2,2,3,
148,Pholidostachys,synanthera,robusta,MO,Gentry,56140,Peru,4.55,-4.91,73.45,-73.75,,,,,,,,6.6,7,52,1.1,35,,14.5,15,1,,,,,,9,21,5.9,,,,2,2,3,
169,Pholidostachys,synanthera,robusta,MO,Gentry,21363,Peru,4.54,-4.9,73.4,-73.66,,,,,,,,5.4,11,,,,,,,,,,,,8.5,,,5.5,,,,2,,3,
65,Pholidostachys,synanthera,robusta,NY,Gentry,56337,Peru,4.55,-4.91,73.45,-73.75,,,,,,,91,5.4,6,,,,,,,1,,,,,8.4,7,27.5,5.6,,,,2,2,3,
91,Pholidostachys,synanthera,robusta,NY,Gentry,76539,Peru,4.15,-4.25,72.45,-72.75,160,,4,,,,,,,,1.7,,,,,,,,,,,,,5.6,,,,,,3,
115,Pholidostachys,synanthera,robusta,BH,Kahn,1890,Peru,4.55,-4.91,73.4,-73.66,,,5,,25,100,70,6.9,6,52.5,2,,65,20.5,,,,,,65,,12,,5,16.5,9.7,1,2,,3,5
66,Pholidostachys,synanthera,robusta,NY,Kahn,1969,Peru,4.55,-4.91,73.4,-73.66,,,,,28,,,6.2,6,58.5,1.5,65,49.5,14.5,22,2,49,,,,,,24,6.4,,,,2,2,3,
90,Pholidostachys,synanthera,robusta,NY,Klug,1495,Peru,3.43,-3.72,73.14,-73.23,100,,,,,,,,,,,,,,,,,,,,,,,4.8,,,,,,3,
86,Pholidostachys,synanthera,robusta,NY,Lewis,10073,Peru,3.15,-3.25,75.5,-75.83,160,,,,,,,,6,,,,,,,,,,,,,,,,,,,2,,3,
72,Pholidostachys,synanthera,robusta,NY,Lleras,16971,Brazil,5.08,-5.13,72.49,-72.81,,,,,,,48,4.1,5,,0.8,72,,14,14,,,,,,,,25,6.2,,,,2,2,3,
276,Pholidostachys,synanthera,robusta,COAH,Londoño,378,Colombia,0.34,-0.56,72.08,-72.13,250,1.4,,,,80,,,6,,,,,,,1,,,,,10.3,9,24.5,5.3,,,,2,2,3,
277,Pholidostachys,synanthera,robusta,COAH,Palacios,485,Colombia,0.4,-0.66,72.05,-72.08,,,,,,,,,,56,2.7,51,,16.5,15,2,,,,,,,21,5.6,14.5,8.1,,2,,3,5
57,Pholidostachys,synanthera,robusta,NY,Pardini,16,Brazil,6.28,-6.46,68.46,-68.76,,2,3,16,18,76,70,,,,,,,,,1,,,12,46,9.8,11,30,5.8,17.5,8.5,1,2,2,3,5
167,Pholidostachys,synanthera,robusta,MO,Revilla,3757,Peru,,,,,120,,,,,,,,,,,,,,,1,,,,,10.4,8,,5.9,,,,2,2,3,
204,Pholidostachys,synanthera,robusta,AAU,Ruokolainen,4548,Peru,4.28,-4.46,73.34,-73.56,125,,3,,,,,6.3,4,67.5,5.2,49,52,15,15,,,,,,,,,,,,,,,,
107,Pholidostachys,synanthera,robusta,BH,Schultes,3879,Colombia,1.3,-1.5,72.5,-72.83,180,,,,,,,,,,,,,,,2,,,12,51.5,10.1,,24.5,4.3,13.3,8.4,,2,,3,5
286,Pholidostachys,synanthera,robusta,K,Trail,961,Brazil,,,,,,,,,,,,5.8,,55,1.5,59,,,,1,,,,,9.8,14,23,5.6,,,,2,,3,
149,Pholidostachys,synanthera,robusta,MO,van der Werf,10117,Peru,4.54,-4.9,73.4,-73.66,140,,,,,,,6.4,,,1.5,57,,20.5,,,,,,,,,,5,,,,2,,3,
109,Pholidostachys,synanthera,robusta,BH,Vásquez,2164,Peru,4.5,-4.83,73.45,-73.75,170,,,,,,,8.2,,,1.1,,,,,1,38,31,11,56.5,10.4,8,29.5,6.4,,,,2,2,3,
146,Pholidostachys,synanthera,robusta,MO,Vásquez,10794,Peru,3.5,-3.83,73.25,-73.41,122,,,,,,,8.9,,,,,,,,2,,,,,9.9,,,,,,,2,,3,
170,Pholidostachys,synanthera,robusta,MO,Vásquez,481,Peru,3.5,-3.83,73.25,-73.41,120,,,,,,,,,,,,,,,2,,,,,,,,4.8,,,,2,,3,
172,Pholidostachys,synanthera,robusta,MO,Vásquez,7580,Peru,3.48,-3.8,73.25,-73.41,122,,,,,,,,,,,,,,,1,,,,,,,,5.6,,,,2,,3,
181,Pholidostachys,synanthera,robusta,MO,Vásquez,1051,Peru,4.5,-4.83,73.45,-73.75,170,,,,,,,,,,,,,,,2,,,,,13.2,,20.5,7.1,,,,2,2,3,
182,Pholidostachys,synanthera,robusta,MO,Vásquez,39359,Peru,3.52,-3.86,73.3,-73.5,140,,,,,,,7.6,,,,,,,,2,,,,,,,,,,,,2,2,3,
185,Pholidostachys,synanthera,robusta,MO,Vásquez,6745,Peru,4.2,-4.33,72.45,-72.75,150,,,,,,,,,,,,,,,1,,,,,9.6,11,24,5.1,17.5,10,,2,2,3,5
74,Pholidostachys,synanthera,robusta,NY,Vásquez,4628,Peru,3.48,-3.8,73.25,-73.41,122,,,,,,,8.2,,,,,,,,1,,,,,,10,,,,,,2,,3,
78,Pholidostachys,synanthera,robusta,NY,Vásquez,23220,Peru,4.09,-4.15,72.57,-72.95,116,,4.9,,,,,,,,,,,,,2,,,,,8.3,13,,,,,,2,2,3,
88,Pholidostachys,synanthera,robusta,NY,Vásquez,12017,Peru,4.55,-4.91,73.45,-73.75,130,1,,,,,,6.1,,,3,68,,,,2,,,,,11.2,,,6.8,16.8,8.9,,2,2,3,5
279,Pholidostachys,synanthera,synanthera,COL,Alverson,92,Colombia,7.18,7.3,75.04,-75.06,550,,,,,,,,,,,,,,,,,,,,,,38,6.9,15.7,10.4,,2,,3,5
190,Pholidostachys,synanthera,synanthera,MO,Ancuash,587,Peru,4.32,-4.53,78.14,-78.23,,,,,,,,,,,,,,,,,25.5,,,,,,,,,,,,2,3,
225,Pholidostachys,synanthera,synanthera,AAU,Balslev,6451,Ecuador,2.15,-2.25,78,-78,,3.5,4.5,15,,,86,,15,,,,,11.2,9,,,,,,,,,7,,,1,,,3,
228,Pholidostachys,synanthera,synanthera,AAU,Balslev,62408,Ecuador,2.17,-2.28,77.45,-77.75,600,,,,,,,11.1,,,2.8,,,,,2,,,,,,,37,7.2,,,,,,3,
73,Pholidostachys,synanthera,synanthera,NY,Balslev,4423,Ecuador,1.25,-1.41,77.5,-77.83,1200,5,6.5,25,35,90,,9.5,9,57,1,27,45.5,8.5,15,2,,,,70,,15,45,7.2,,,1,2,2,3,
63,Pholidostachys,synanthera,synanthera,NY,Barbour,4474,Peru,4.45,-4.75,78.1,-78.16,,,,,,,,,,,,,,,,1,,,,,,,22,7,16.2,10.1,,2,2,3,5
84,Pholidostachys,synanthera,synanthera,NY,Bennett,3683,Ecuador,2.3,-2.5,78.1,-78.16,,,,,,,,,,,,,,,,,,,,,,,56,6.7,,,,,2,3,
85,Pholidostachys,synanthera,synanthera,NY,Bennett,4120,Ecuador,2.3,-2.5,78.08,-78.13,900,,,,,,,,,,,,,,,,,,,,,,29,6.5,14.7,9,,,2,3,5
133,Pholidostachys,synanthera,synanthera,COL,Bernal,2890,Colombia,1.42,1.7,75.43,-75.71,1500,4,6.5,18,,,84,,11,,,,,,,,,,,,,,,,,,1,,2,3,
56,Pholidostachys,synanthera,synanthera,NY,Bernal,1384,Colombia,6.15,6.25,75.22,-75.36,1750,1.8,6,14,,,98,11.1,17,26.5,0.5,45,,4.5,18,1,35,,5,,8.9,14,27,6.3,12.6,8.7,1,2,2,3,5
137,Pholidostachys,synanthera,synanthera,COL,Betancur,5389,Colombia,1.12,1.2,76.38,-76.63,1585,5,22,,22,59,90,,,,,,,,,,,,,47,,13,,,,,1,,2,3,
220,Pholidostachys,synanthera,synanthera,AAU,Borchsenius,204,Ecuador,3.13,-3.21,78.3,-78.5,1400,,,,,,,7.2,,,0.5,46,31,5.5,11,1,41,37,7.5,44.5,11.8,,,6.3,,,,2,2,3,
222,Pholidostachys,synanthera,synanthera,AAU,Borchsenius,636,Ecuador,3.1,-3.16,78.33,-78.55,1620,2,7,,,,,,,,,,,,,,,,,,16.5,,29.5,9.2,,,1,2,,3,
54,Pholidostachys,synanthera,synanthera,NY,Callejas,4221,Colombia,6,6,74.5,-74.83,800,5,,11,42,80,,7,,,1.1,60,,9,16,1,35.5,,8.5,41,11.2,13,30.5,6.3,,,1,2,2,3,
52,Pholidostachys,synanthera,synanthera,NY,Campos,4243,Peru,5.16,-5.26,78.43,-78.71,1500,,,,,,,9,,,0.2,39,,7.5,9,1,55,,,,17.3,,34,9.7,,,,,2,3,
150,Pholidostachys,synanthera,synanthera,MO,Cerón,466,Ecuador,3.25,-3.41,78.35,-78.58,900,,4,16,,,,,,,,,,7.5,,,,,,,,,,7.3,,,1,,,3,
152,Pholidostachys,synanthera,synanthera,MO,Cornejo,2766,Peru,13.18,-13.3,70.07,-70.11,825,,,,,,,7.3,,,0.6,57,,,,1,30.5,,,,,,21.5,5.4,,,,2,2,3,
69,Pholidostachys,synanthera,synanthera,NY,Couvreur,119,Ecuador,0.529,-0.883,77.349,-77.583,1000,6,5,18,35,136,91,,10,,,,,7,19,,,,,,,13,38,6.2,12.5,6.1,1,2,2,3,5
138,Pholidostachys,synanthera,synanthera,COL,Cuatrecasas,9111,Colombia,1.48,1.8,75.39,-75.65,1275,,,,,,,,,,,,,,,2,,,,,,11,,,,,,,2,3,
80,Pholidostachys,synanthera,synanthera,NY,Díaz,8093,Peru,5.16,-5.27,78.21,-78.36,825,,,,,,,,,,,,,,,1,,,,34.5,6.7,8,19,4,,,,2,2,3,
79,Pholidostachys,synanthera,synanthera,NY,Foster,7327,Peru,12.55,-12.91,71.12,-71.2,875,,,,,,,6.5,,39.5,1,40,,12,,2,,,,54,7.6,14,17,5.3,,,,2,2,3,
191,Pholidostachys,synanthera,synanthera,MO,Freire,525,Ecuador,0.53,-0.88,77.33,-77.55,1400,,,,,,,7.8,,,1,,,,,,,,,,,,26,7.1,,,,2,2,3,
55,Pholidostachys,synanthera,synanthera,NY,Galeano,1968,Colombia,6.55,6.91,75.05,-75.08,1400,3,6,16,,,124,8.2,15,35.5,0.7,48,23,4.5,16,2,54,,,46,15.8,17,36.5,8.2,,,1,2,2,3,
180,Pholidostachys,synanthera,synanthera,MO,Gentry,37269,Peru,10.5,-10.83,75,-75,950,,,,,,,,,,,,,,,2,38,,,,,,21.5,5.2,,,,2,2,3,
87,Pholidostachys,synanthera,synanthera,NY,Harling,3498,Ecuador,1.3,-1.5,78.02,-78.03,1300,,,,,,,,,,,,,,,,,,,,,,,8.4,,,,2,2,3,
60,Pholidostachys,synanthera,synanthera,NY,Henderson,161,Colombia,7,7,74.55,-74.91,1500,2,7,18,,52,113,8.6,13,39.5,1.5,49,34.5,10.5,24,1,,,,,11.1,13,32,6.9,,,1,2,2,3,
216,Pholidostachys,synanthera,synanthera,AAU,Holm-Nielsen,4365,Ecuador,3.3,-3.5,78.33,-78.55,950,,,,,,,,,,,,,4.5,,1,,,,,13,13,20,6,,,,2,2,3,
89,Pholidostachys,synanthera,synanthera,NY,Killip,15314,Colombia,6.46,6.76,73.05,-73.08,1500,,,,,,,,13,,,,,,,,,,,,,,26.5,6.4,,,,,2,3,
196,Pholidostachys,synanthera,synanthera,F,Macbride,5674,Peru,11.02,-11.03,75.19,-75.32,,,,,,,,6.5,,,,,,,,1,,,,,,10,19.5,,13.9,6.9,,2,,3,5
131,Pholidostachys,synanthera,synanthera,COAH,Malagón,17,Colombia,1.42,1.7,75.43,-75.71,1232,4.2,4.2,20,28,24,71,,13,,,,,,,2,,,,41,,,40,4.6,,,1,,,3,
187,Pholidostachys,synanthera,synanthera,BH,Moore,8343,Peru,9.08,-9.13,75.45,-75.75,720,,,15,,,,,,,,,,,,1,,,,,12.8,,35,5.9,,,1,2,2,3,
106,Pholidostachys,synanthera,synanthera,BH,Moore,8383,Peru,9.05,-9.08,75.52,-75.86,400,,,,,,,11.8,,,4.5,,,,,1,,,,,19.1,,,,,,1,2,,3,
174,Pholidostachys,synanthera,synanthera,MO,Morales,1509,Ecuador,2.59,-2.98,78.09,-78.15,580,,,,,80,,11.3,,,5.5,40,,,,,,,,,,,31,7.9,,,,,,3,
58,Pholidostachys,synanthera,synanthera,NY,Neill,14073,Ecuador,3.05,-3.08,77.56,-77.93,1400,3,10,,,,,11,,,1.5,33,,,,1,,,,,,,,10.3,,,1,2,2,3,
144,Pholidostachys,synanthera,synanthera,MO,Palacios,15661,Ecuador,2.32,-2.53,77.54,-77.9,800,,,,,,,11.1,,,,,,,,1,,,,,5.3,,,5.9,,,,,,3,
145,Pholidostachys,synanthera,synanthera,MO,Quizhpe,1222,Ecuador,4.28,-4.46,78.39,-78.65,1200,,,,,,,11.4,12,,0.7,47,,5.5,12,,,,,,,,,7.3,,,,,,3,
67,Pholidostachys,synanthera,synanthera,NY,Rainer,2126888,Peru,9.28,-9.46,74.47,-74.78,800,5,5,11,45,,89,9.7,8,37,0.5,59,,14,10,2,31,38,,45,,16,30,7.7,,,1,2,2,3,
77,Pholidostachys,synanthera,synanthera,NY,Rainer,1922188,Peru,9.28,-9.46,74.47,-74.78,800,,,,,,,,,,,,,,,,,,,,15,,,6.8,10.4,6.6,,2,2,3,5
121,Pholidostachys,synanthera,synanthera,COL,Ramírez,15907,Colombia,1.13,1.21,76.35,-76.58,1100,,,,,,,,,,,,,,,2,,,,,,,,,,,,,,3,
171,Pholidostachys,synanthera,synanthera,MO,Ramírez,4879,Colombia,1.36,1.6,75.37,-75.61,1420,,,,,,,,11,,,,,,,1,33,,,40,10.1,12,26,5.5,,,1,2,2,3,
71,Pholidostachys,synanthera,synanthera,NY,Rodriguez,1013,Peru,4.55,-4.91,78.19,-78.31,780,,,,,,55,3.6,11,,0.6,,,2.5,17,1,27.5,27,12.5,45.5,7.9,9,22.5,4.3,,,,2,2,3,
230,Pholidostachys,synanthera,synanthera,F,Ruíz,,Peru,9.3,-9.5,75.56,-75.93,,,,,,,,,,,,,,,,,,,,,,,,,,,,,,3,
156,Pholidostachys,synanthera,synanthera,MO,Sánchez,1957,Colombia,6.18,6.3,75.02,-75.03,1500,,,,,25,100,,18,,,,,,,,,,,20,,,21,6,,,1,,,3,
173,Pholidostachys,synanthera,synanthera,MO,Schunke,10125,Peru,9.15,-9.25,75.5,-75.83,736,,,,,,,,,,,,,,,2,,,,,10.8,,,,,,,2,,3,
175,Pholidostachys,synanthera,synanthera,MO,Schunke,10460,Peru,9.15,-9.25,75.5,-75.83,750,,,,,,,,,,,,,,,1,,,,,,,14,5.7,,,,2,2,3,
176,Pholidostachys,synanthera,synanthera,MO,Schunke,10449,Peru,9.15,-9.25,75.5,-75.83,750,,,,,,,8.4,,,2,,,,,1,,,,,,,26.5,4.8,,,,2,2,3,
201,Pholidostachys,synanthera,synanthera,AAU,Skov,64718,Ecuador,2.59,-2.98,78.27,-78.45,1350,6,7.5,27,22,60,105,9,9,,1,56,33,6,11,1,40,31,7,35,18.6,16,35,7.8,,,1,2,2,3,
189,Pholidostachys,synanthera,synanthera,MO,Smith,4834,Peru,5.51,-5.85,77.2,-77.33,1325,,6,20,,,,11.2,15,51.5,0.6,55,,10,11,,,,,,,,35.5,6.8,,,1,2,,3,
61,Pholidostachys,synanthera,synanthera,NY,Smith,2124,Peru,11.01,-11.02,74.54,-74.9,1000,5.5,8,,,,,10.4,7,63,1.5,45,58,9.5,12,2,,,,,,,26,8.8,,,1,2,2,3,
82,Pholidostachys,synanthera,synanthera,NY,Smith,5146,Peru,10.45,-10.75,74.23,-74.38,1200,,5,8,,,,10.8,8,,0.8,53,,,,2,,,,,,,36,5.1,,,,,2,3,
83,Pholidostachys,synanthera,synanthera,NY,Smith,8434,Peru,5.51,-5.85,77.2,-77.33,1325,,6,20,,,,10.9,15,,0.8,40,,5,15,,,,,,,,39,7.3,,,1,,2,3,
143,Pholidostachys,synanthera,synanthera,GH,Soejarto,2743,Colombia,7.19,7.316,75.03,-75.05,650,,,,,,,,,,,,,,,1,,,,,7.5,4,,5.1,13.6,9,,,,3,5
168,Pholidostachys,synanthera,synanthera,MO,Timaná,907,Peru,13.31,-13.51,70.45,-70.75,720,,,,,,,,,,,,,,,,,,,,,,,4.8,,,,2,,3,
194,Pholidostachys,synanthera,synanthera,MO,Toasa,8676,Ecuador,2.32,-2.53,77.53,-77.88,800,,,,,,,,,,,,,16.5,15,2,,,,,16.3,,34,5.8,,,,,,3,
211,Pholidostachys,synanthera,synanthera,AAU,Van den Eynd,581,Ecuador,3.31,-3.51,78.57,-78.95,1390,,,,,,,,,,,,,,,1,44.5,,,,17.5,,30,5.5,,,,2,2,3,
184,Pholidostachys,synanthera,synanthera,MO,van der Werf,13092,Ecuador,4.19,-4.31,78.4,-78.66,1050,2,,,,,,,,,,,,,,1,,,,,10.7,10,20.5,7,,,,2,2,3,
111,Pholidostachys,synanthera,synanthera,BH,Vargas,17582,Peru,13.25,-13.41,70.15,-70.25,1000,,,,,,,7.3,,,,,,,,,,,,,,,,,,,,,2,3,
112,Pholidostachys,synanthera,synanthera,BH,Vargas,7748,Peru,13.09,-13.15,70.52,-70.86,600,,,,,,,,,,,,,,,,,,,,,,,6.6,,,,,,3,
76,Pholidostachys,synanthera,synanthera,NY,Vásquez,22490,Peru,4.34,-4.56,78.14,-78.23,950,,,8,,,,12.6,,,1.8,38,,,,2,,,,,7.2,,23.5,5.9,,,,2,2,3,
