Palm_genus,Palm_epithet,Palm_species,Country_of_sampling,State,Biome,Site_name,Lat,Long,Site_ID,Palm_ID,Seed_ID,Seed_diameter_mm,Collected_measured_by,Year_of_sampling
Euterpe,edulis,Euterpe edulis,Brazil,Rio de Janeiro,Atlantic Forest,FragBoaEsperanca2,-22.633263,-42.423498,Site1,Ee1,1,9.57,CarolineMarquesDracxler,2011/2012
Euterpe,edulis,Euterpe edulis,Brazil,Rio de Janeiro,Atlantic Forest,FragBoaEsperanca2,-22.633263,-42.423498,Site1,Ee1,2,10.77,CarolineMarquesDracxler,2011/2012
Euterpe,edulis,Euterpe edulis,Brazil,Rio de Janeiro,Atlantic Forest,FragBoaEsperanca2,-22.633263,-42.423498,Site1,Ee1,3,8.2,CarolineMarquesDracxler,2011/2012
Euterpe,edulis,Euterpe edulis,Brazil,Rio de Janeiro,Atlantic Forest,FragBoaEsperanca2,-22.633263,-42.423498,Site1,Ee1,4,9.24,CarolineMarquesDracxler,2011/2012
Euterpe,edulis,Euterpe edulis,Brazil,Rio de Janeiro,Atlantic Forest,FragBoaEsperanca2,-22.633263,-42.423498,Site1,Ee1,5,9.19,CarolineMarquesDracxler,2011/2012
Euterpe,edulis,Euterpe edulis,Brazil,Rio de Janeiro,Atlantic Forest,FragBoaEsperanca2,-22.633263,-42.423498,Site1,Ee1,6,9.53,CarolineMarquesDracxler,2011/2012
Euterpe,edulis,Euterpe edulis,Brazil,Rio de Janeiro,Atlantic Forest,FragBoaEsperanca2,-22.633263,-42.423498,Site1,Ee1,7,8.34,CarolineMarquesDracxler,2011/2012
Euterpe,edulis,Euterpe edulis,Brazil,Rio de Janeiro,Atlantic Forest,FragBoaEsperanca2,-22.633263,-42.423498,Site1,Ee1,8,9.21,CarolineMarquesDracxler,2011/2012
Euterpe,edulis,Euterpe edulis,Brazil,Rio de Janeiro,Atlantic Forest,FragBoaEsperanca2,-22.633263,-42.423498,Site1,Ee1,9,9.08,CarolineMarquesDracxler,2011/2012
Euterpe,edulis,Euterpe edulis,Brazil,Rio de Janeiro,Atlantic Forest,FragBoaEsperanca2,-22.633263,-42.423498,Site1,Ee1,10,8.82,CarolineMarquesDracxler,2011/2012
Euterpe,edulis,Euterpe edulis,Brazil,Rio de Janeiro,Atlantic Forest,FragBoaEsperanca2,-22.633263,-42.423498,Site1,Ee1,11,8.09,CarolineMarquesDracxler,2011/2012
Euterpe,edulis,Euterpe edulis,Brazil,Rio de Janeiro,Atlantic Forest,FragBoaEsperanca2,-22.633263,-42.423498,Site1,Ee1,12,8.54,CarolineMarquesDracxler,2011/2012
Euterpe,edulis,Euterpe edulis,Brazil,Rio de Janeiro,Atlantic Forest,FragBoaEsperanca2,-22.633263,-42.423498,Site1,Ee1,13,8.85,CarolineMarquesDracxler,2011/2012
Euterpe,edulis,Euterpe edulis,Brazil,Rio de Janeiro,Atlantic Forest,FragBoaEsperanca2,-22.633263,-42.423498,Site1,Ee1,14,9.74,CarolineMarquesDracxler,2011/2012
Euterpe,edulis,Euterpe edulis,Brazil,Rio de Janeiro,Atlantic Forest,FragBoaEsperanca2,-22.633263,-42.423498,Site1,Ee1,15,8.86,CarolineMarquesDracxler,2011/2012
Euterpe,edulis,Euterpe edulis,Brazil,Rio de Janeiro,Atlantic Forest,FragBoaEsperanca2,-22.633263,-42.423498,Site1,Ee1,16,9.09,CarolineMarquesDracxler,2011/2012
Euterpe,edulis,Euterpe edulis,Brazil,Rio de Janeiro,Atlantic Forest,FragBoaEsperanca2,-22.633263,-42.423498,Site1,Ee1,17,9.02,CarolineMarquesDracxler,2011/2012
Euterpe,edulis,Euterpe edulis,Brazil,Rio de Janeiro,Atlantic Forest,FragBoaEsperanca2,-22.633263,-42.423498,Site1,Ee1,18,8.4,CarolineMarquesDracxler,2011/2012
Euterpe,edulis,Euterpe edulis,Brazil,Rio de Janeiro,Atlantic Forest,FragBoaEsperanca2,-22.633263,-42.423498,Site1,Ee1,19,9.15,CarolineMarquesDracxler,2011/2012
Euterpe,edulis,Euterpe edulis,Brazil,Rio de Janeiro,Atlantic Forest,FragBoaEsperanca2,-22.633263,-42.423498,Site1,Ee1,20,9.27,CarolineMarquesDracxler,2011/2012
Euterpe,edulis,Euterpe edulis,Brazil,Rio de Janeiro,Atlantic Forest,FragBoaEsperanca2,-22.633263,-42.423498,Site1,Ee1,21,9.18,CarolineMarquesDracxler,2011/2012
Euterpe,edulis,Euterpe edulis,Brazil,Rio de Janeiro,Atlantic Forest,FragBoaEsperanca2,-22.633263,-42.423498,Site1,Ee1,22,9.4,CarolineMarquesDracxler,2011/2012
Euterpe,edulis,Euterpe edulis,Brazil,Rio de Janeiro,Atlantic Forest,FragBoaEsperanca2,-22.633263,-42.423498,Site1,Ee1,23,9.11,CarolineMarquesDracxler,2011/2012
Euterpe,edulis,Euterpe edulis,Brazil,Rio de Janeiro,Atlantic Forest,FragBoaEsperanca2,-22.633263,-42.423498,Site1,Ee1,24,10.36,CarolineMarquesDracxler,2011/2012
Euterpe,edulis,Euterpe edulis,Brazil,Rio de Janeiro,Atlantic Forest,FragBoaEsperanca2,-22.633263,-42.423498,Site1,Ee1,25,9.04,CarolineMarquesDracxler,2011/2012
Euterpe,edulis,Euterpe edulis,Brazil,Rio de Janeiro,Atlantic Forest,FragBoaEsperanca2,-22.633263,-42.423498,Site1,Ee1,26,8.93,CarolineMarquesDracxler,2011/2012
Euterpe,edulis,Euterpe edulis,Brazil,Rio de Janeiro,Atlantic Forest,FragBoaEsperanca2,-22.633263,-42.423498,Site1,Ee1,27,8.46,CarolineMarquesDracxler,2011/2012
Euterpe,edulis,Euterpe edulis,Brazil,Rio de Janeiro,Atlantic Forest,FragBoaEsperanca2,-22.633263,-42.423498,Site1,Ee1,28,9.28,CarolineMarquesDracxler,2011/2012
Euterpe,edulis,Euterpe edulis,Brazil,Rio de Janeiro,Atlantic Forest,FragBoaEsperanca2,-22.633263,-42.423498,Site1,Ee1,29,9.36,CarolineMarquesDracxler,2011/2012
Euterpe,edulis,Euterpe edulis,Brazil,Rio de Janeiro,Atlantic Forest,FragBoaEsperanca2,-22.633263,-42.423498,Site1,Ee1,30,8.88,CarolineMarquesDracxler,2011/2012
Euterpe,edulis,Euterpe edulis,Brazil,Rio de Janeiro,Atlantic Forest,FragBoaEsperanca2,-22.633263,-42.423498,Site1,Ee1,31,7.75,CarolineMarquesDracxler,2011/2012
Euterpe,edulis,Euterpe edulis,Brazil,Rio de Janeiro,Atlantic Forest,FragBoaEsperanca2,-22.633263,-42.423498,Site1,Ee1,32,10.05,CarolineMarquesDracxler,2011/2012
Euterpe,edulis,Euterpe edulis,Brazil,Rio de Janeiro,Atlantic Forest,FragBoaEsperanca2,-22.633263,-42.423498,Site1,Ee1,33,9.25,CarolineMarquesDracxler,2011/2012
Euterpe,edulis,Euterpe edulis,Brazil,Rio de Janeiro,Atlantic Forest,FragBoaEsperanca2,-22.633263,-42.423498,Site1,Ee1,34,9.02,CarolineMarquesDracxler,2011/2012
Euterpe,edulis,Euterpe edulis,Brazil,Rio de Janeiro,Atlantic Forest,FragBoaEsperanca2,-22.633263,-42.423498,Site1,Ee1,35,8.84,CarolineMarquesDracxler,2011/2012
Euterpe,edulis,Euterpe edulis,Brazil,Rio de Janeiro,Atlantic Forest,FragBoaEsperanca2,-22.633263,-42.423498,Site1,Ee1,36,8.56,CarolineMarquesDracxler,2011/2012
Euterpe,edulis,Euterpe edulis,Brazil,Rio de Janeiro,Atlantic Forest,FragBoaEsperanca2,-22.633263,-42.423498,Site1,Ee1,37,8.65,CarolineMarquesDracxler,2011/2012
Euterpe,edulis,Euterpe edulis,Brazil,Rio de Janeiro,Atlantic Forest,FragBoaEsperanca2,-22.633263,-42.423498,Site1,Ee1,38,9.29,CarolineMarquesDracxler,2011/2012
Euterpe,edulis,Euterpe edulis,Brazil,Rio de Janeiro,Atlantic Forest,FragBoaEsperanca2,-22.633263,-42.423498,Site1,Ee1,39,9.61,CarolineMarquesDracxler,2011/2012
Euterpe,edulis,Euterpe edulis,Brazil,Rio de Janeiro,Atlantic Forest,FragBoaEsperanca2,-22.633263,-42.423498,Site1,Ee1,40,9.13,CarolineMarquesDracxler,2011/2012
Euterpe,edulis,Euterpe edulis,Brazil,Rio de Janeiro,Atlantic Forest,FragBoaEsperanca2,-22.633263,-42.423498,Site1,Ee1,41,9.55,CarolineMarquesDracxler,2011/2012
Euterpe,edulis,Euterpe edulis,Brazil,Rio de Janeiro,Atlantic Forest,FragBoaEsperanca2,-22.633263,-42.423498,Site1,Ee1,42,7.69,CarolineMarquesDracxler,2011/2012
Euterpe,edulis,Euterpe edulis,Brazil,Rio de Janeiro,Atlantic Forest,FragBoaEsperanca2,-22.633263,-42.423498,Site1,Ee1,43,10.04,CarolineMarquesDracxler,2011/2012
Euterpe,edulis,Euterpe edulis,Brazil,Rio de Janeiro,Atlantic Forest,FragBoaEsperanca2,-22.633263,-42.423498,Site1,Ee1,44,9.13,CarolineMarquesDracxler,2011/2012
Euterpe,edulis,Euterpe edulis,Brazil,Rio de Janeiro,Atlantic Forest,FragBoaEsperanca2,-22.633263,-42.423498,Site1,Ee1,45,9.3,CarolineMarquesDracxler,2011/2012
Euterpe,edulis,Euterpe edulis,Brazil,Rio de Janeiro,Atlantic Forest,FragBoaEsperanca2,-22.633263,-42.423498,Site1,Ee1,46,8.41,CarolineMarquesDracxler,2011/2012
Euterpe,edulis,Euterpe edulis,Brazil,Rio de Janeiro,Atlantic Forest,FragBoaEsperanca2,-22.633263,-42.423498,Site1,Ee1,47,8.18,CarolineMarquesDracxler,2011/2012
Euterpe,edulis,Euterpe edulis,Brazil,Rio de Janeiro,Atlantic Forest,FragBoaEsperanca2,-22.633263,-42.423498,Site1,Ee1,48,9.02,CarolineMarquesDracxler,2011/2012
Euterpe,edulis,Euterpe edulis,Brazil,Rio de Janeiro,Atlantic Forest,FragBoaEsperanca2,-22.633263,-42.423498,Site1,Ee1,49,9.72,CarolineMarquesDracxler,2011/2012
Euterpe,edulis,Euterpe edulis,Brazil,Rio de Janeiro,Atlantic Forest,FragBoaEsperanca2,-22.633263,-42.423498,Site1,Ee1,50,9.85,CarolineMarquesDracxler,2011/2012
Euterpe,edulis,Euterpe edulis,Brazil,Rio de Janeiro,Atlantic Forest,FragBoaEsperanca2,-22.633263,-42.423498,Site1,Ee1,51,9.32,CarolineMarquesDracxler,2011/2012
Euterpe,edulis,Euterpe edulis,Brazil,Rio de Janeiro,Atlantic Forest,FragBoaEsperanca2,-22.633263,-42.423498,Site1,Ee1,52,8.77,CarolineMarquesDracxler,2011/2012
Euterpe,edulis,Euterpe edulis,Brazil,Rio de Janeiro,Atlantic Forest,FragBoaEsperanca2,-22.633263,-42.423498,Site1,Ee1,53,8.52,CarolineMarquesDracxler,2011/2012
Euterpe,edulis,Euterpe edulis,Brazil,Rio de Janeiro,Atlantic Forest,FragBoaEsperanca2,-22.633263,-42.423498,Site1,Ee1,54,8.57,CarolineMarquesDracxler,2011/2012
Euterpe,edulis,Euterpe edulis,Brazil,Rio de Janeiro,Atlantic Forest,FragBoaEsperanca2,-22.633263,-42.423498,Site1,Ee1,55,8.9,CarolineMarquesDracxler,2011/2012
Euterpe,edulis,Euterpe edulis,Brazil,Rio de Janeiro,Atlantic Forest,FragBoaEsperanca2,-22.633263,-42.423498,Site1,Ee1,56,9.62,CarolineMarquesDracxler,2011/2012
Euterpe,edulis,Euterpe edulis,Brazil,Rio de Janeiro,Atlantic Forest,FragBoaEsperanca2,-22.633263,-42.423498,Site1,Ee1,57,9.33,CarolineMarquesDracxler,2011/2012
Euterpe,edulis,Euterpe edulis,Brazil,Rio de Janeiro,Atlantic Forest,FragBoaEsperanca2,-22.633263,-42.423498,Site1,Ee1,58,9.66,CarolineMarquesDracxler,2011/2012
Euterpe,edulis,Euterpe edulis,Brazil,Rio de Janeiro,Atlantic Forest,FragBoaEsperanca2,-22.633263,-42.423498,Site1,Ee1,59,8.09,CarolineMarquesDracxler,2011/2012
Euterpe,edulis,Euterpe edulis,Brazil,Rio de Janeiro,Atlantic Forest,FragBoaEsperanca2,-22.633263,-42.423498,Site1,Ee1,60,8.8,CarolineMarquesDracxler,2011/2012
Euterpe,edulis,Euterpe edulis,Brazil,Rio de Janeiro,Atlantic Forest,FragBoaEsperanca2,-22.633263,-42.423498,Site1,Ee1,61,8.65,CarolineMarquesDracxler,2011/2012
Euterpe,edulis,Euterpe edulis,Brazil,Rio de Janeiro,Atlantic Forest,FragBoaEsperanca2,-22.633263,-42.423498,Site1,Ee1,62,7.18,CarolineMarquesDracxler,2011/2012
Euterpe,edulis,Euterpe edulis,Brazil,Rio de Janeiro,Atlantic Forest,FragBoaEsperanca2,-22.633263,-42.423498,Site1,Ee1,63,9.27,CarolineMarquesDracxler,2011/2012
Euterpe,edulis,Euterpe edulis,Brazil,Rio de Janeiro,Atlantic Forest,FragBoaEsperanca2,-22.633263,-42.423498,Site1,Ee1,64,9,CarolineMarquesDracxler,2011/2012
Euterpe,edulis,Euterpe edulis,Brazil,Rio de Janeiro,Atlantic Forest,FragBoaEsperanca2,-22.633263,-42.423498,Site1,Ee1,65,8.67,CarolineMarquesDracxler,2011/2012
Euterpe,edulis,Euterpe edulis,Brazil,Rio de Janeiro,Atlantic Forest,FragBoaEsperanca2,-22.633263,-42.423498,Site1,Ee1,66,9.37,CarolineMarquesDracxler,2011/2012
Euterpe,edulis,Euterpe edulis,Brazil,Rio de Janeiro,Atlantic Forest,FragBoaEsperanca2,-22.633263,-42.423498,Site1,Ee1,67,8.4,CarolineMarquesDracxler,2011/2012
Euterpe,edulis,Euterpe edulis,Brazil,Rio de Janeiro,Atlantic Forest,FragBoaEsperanca2,-22.633263,-42.423498,Site1,Ee1,68,8.8,CarolineMarquesDracxler,2011/2012
Euterpe,edulis,Euterpe edulis,Brazil,Rio de Janeiro,Atlantic Forest,FragBoaEsperanca2,-22.633263,-42.423498,Site1,Ee1,69,8.92,CarolineMarquesDracxler,2011/2012
Euterpe,edulis,Euterpe edulis,Brazil,Rio de Janeiro,Atlantic Forest,FragBoaEsperanca2,-22.633263,-42.423498,Site1,Ee1,70,8.8,CarolineMarquesDracxler,2011/2012
Euterpe,edulis,Euterpe edulis,Brazil,Rio de Janeiro,Atlantic Forest,FragBoaEsperanca2,-22.633263,-42.423498,Site1,Ee1,71,8.49,CarolineMarquesDracxler,2011/2012
Euterpe,edulis,Euterpe edulis,Brazil,Rio de Janeiro,Atlantic Forest,FragBoaEsperanca2,-22.633263,-42.423498,Site1,Ee1,72,9,CarolineMarquesDracxler,2011/2012
Euterpe,edulis,Euterpe edulis,Brazil,Rio de Janeiro,Atlantic Forest,FragBoaEsperanca2,-22.633263,-42.423498,Site1,Ee1,73,8.76,CarolineMarquesDracxler,2011/2012
Euterpe,edulis,Euterpe edulis,Brazil,Rio de Janeiro,Atlantic Forest,FragBoaEsperanca2,-22.633263,-42.423498,Site1,Ee1,74,8.68,CarolineMarquesDracxler,2011/2012
Euterpe,edulis,Euterpe edulis,Brazil,Rio de Janeiro,Atlantic Forest,FragBoaEsperanca2,-22.633263,-42.423498,Site1,Ee1,75,8.76,CarolineMarquesDracxler,2011/2012
Euterpe,edulis,Euterpe edulis,Brazil,Rio de Janeiro,Atlantic Forest,FragBoaEsperanca2,-22.633263,-42.423498,Site1,Ee1,76,8.73,CarolineMarquesDracxler,2011/2012
Euterpe,edulis,Euterpe edulis,Brazil,Rio de Janeiro,Atlantic Forest,FragBoaEsperanca2,-22.633263,-42.423498,Site1,Ee1,77,9.41,CarolineMarquesDracxler,2011/2012
Euterpe,edulis,Euterpe edulis,Brazil,Rio de Janeiro,Atlantic Forest,FragBoaEsperanca2,-22.633263,-42.423498,Site1,Ee1,78,8.17,CarolineMarquesDracxler,2011/2012
Euterpe,edulis,Euterpe edulis,Brazil,Rio de Janeiro,Atlantic Forest,FragBoaEsperanca2,-22.633263,-42.423498,Site1,Ee1,79,8.71,CarolineMarquesDracxler,2011/2012
Euterpe,edulis,Euterpe edulis,Brazil,Rio de Janeiro,Atlantic Forest,FragBoaEsperanca2,-22.633263,-42.423498,Site1,Ee1,80,9.3,CarolineMarquesDracxler,2011/2012
Euterpe,edulis,Euterpe edulis,Brazil,Rio de Janeiro,Atlantic Forest,FragBoaEsperanca2,-22.633263,-42.423498,Site1,Ee1,81,9.44,CarolineMarquesDracxler,2011/2012
Euterpe,edulis,Euterpe edulis,Brazil,Rio de Janeiro,Atlantic Forest,FragBoaEsperanca2,-22.633263,-42.423498,Site1,Ee1,82,9.01,CarolineMarquesDracxler,2011/2012
Euterpe,edulis,Euterpe edulis,Brazil,Rio de Janeiro,Atlantic Forest,FragBoaEsperanca2,-22.633263,-42.423498,Site1,Ee1,83,10.03,CarolineMarquesDracxler,2011/2012
Euterpe,edulis,Euterpe edulis,Brazil,Rio de Janeiro,Atlantic Forest,FragBoaEsperanca2,-22.633263,-42.423498,Site1,Ee1,84,10,CarolineMarquesDracxler,2011/2012
Euterpe,edulis,Euterpe edulis,Brazil,Rio de Janeiro,Atlantic Forest,FragBoaEsperanca2,-22.633263,-42.423498,Site1,Ee1,85,10.09,CarolineMarquesDracxler,2011/2012
Euterpe,edulis,Euterpe edulis,Brazil,Rio de Janeiro,Atlantic Forest,FragSantaHelena,-22.526972,-42.34591,Site2,Ee2,163,9.13,CarolineMarquesDracxler,2011/2012
Euterpe,edulis,Euterpe edulis,Brazil,Rio de Janeiro,Atlantic Forest,FragSantaHelena,-22.526972,-42.34591,Site2,Ee2,164,9.87,CarolineMarquesDracxler,2011/2012
Euterpe,edulis,Euterpe edulis,Brazil,Rio de Janeiro,Atlantic Forest,FragSantaHelena,-22.526972,-42.34591,Site2,Ee2,165,9.72,CarolineMarquesDracxler,2011/2012
Euterpe,edulis,Euterpe edulis,Brazil,Rio de Janeiro,Atlantic Forest,FragSantoAntonio,-22.539637,-42.360366,Site3,Ee3,86,12.15,CarolineMarquesDracxler,2011/2012
Euterpe,edulis,Euterpe edulis,Brazil,Rio de Janeiro,Atlantic Forest,FragSantoAntonio,-22.539638,-42.360367,Site3,Ee3,87,11.62,CarolineMarquesDracxler,2011/2012
Euterpe,edulis,Euterpe edulis,Brazil,Rio de Janeiro,Atlantic Forest,FragSantoAntonio,-22.539639,-42.360368,Site3,Ee3,88,10.33,CarolineMarquesDracxler,2011/2012
Euterpe,edulis,Euterpe edulis,Brazil,Rio de Janeiro,Atlantic Forest,FragSantoAntonio,-22.53964,-42.360369,Site3,Ee3,89,11.56,CarolineMarquesDracxler,2011/2012
Euterpe,edulis,Euterpe edulis,Brazil,Rio de Janeiro,Atlantic Forest,FragSantoAntonio,-22.539641,-42.36037,Site3,Ee3,90,11.87,CarolineMarquesDracxler,2011/2012
Euterpe,edulis,Euterpe edulis,Brazil,Rio de Janeiro,Atlantic Forest,FragSantoAntonio,-22.539642,-42.360371,Site3,Ee3,91,11.62,CarolineMarquesDracxler,2011/2012
Euterpe,edulis,Euterpe edulis,Brazil,Rio de Janeiro,Atlantic Forest,FragSantoAntonio,-22.539643,-42.360372,Site3,Ee3,92,11.9,CarolineMarquesDracxler,2011/2012
Euterpe,edulis,Euterpe edulis,Brazil,Rio de Janeiro,Atlantic Forest,FragSantoAntonio,-22.539644,-42.360373,Site3,Ee3,93,11.6,CarolineMarquesDracxler,2011/2012
Euterpe,edulis,Euterpe edulis,Brazil,Rio de Janeiro,Atlantic Forest,FragSantoAntonio,-22.539645,-42.360374,Site3,Ee3,94,11.1,CarolineMarquesDracxler,2011/2012
Euterpe,edulis,Euterpe edulis,Brazil,Rio de Janeiro,Atlantic Forest,FragSantoAntonio,-22.539646,-42.360375,Site3,Ee3,95,10.18,CarolineMarquesDracxler,2011/2012
Euterpe,edulis,Euterpe edulis,Brazil,Rio de Janeiro,Atlantic Forest,FragSantoAntonio,-22.539647,-42.360376,Site3,Ee3,96,12.17,CarolineMarquesDracxler,2011/2012
Euterpe,edulis,Euterpe edulis,Brazil,Rio de Janeiro,Atlantic Forest,FragSantoAntonio,-22.539648,-42.360377,Site3,Ee3,97,10.75,CarolineMarquesDracxler,2011/2012
Euterpe,edulis,Euterpe edulis,Brazil,Rio de Janeiro,Atlantic Forest,FragSantoAntonio,-22.539649,-42.360378,Site3,Ee3,98,11.43,CarolineMarquesDracxler,2011/2012
Euterpe,edulis,Euterpe edulis,Brazil,Rio de Janeiro,Atlantic Forest,FragSantoAntonio,-22.53965,-42.360379,Site3,Ee3,99,10.7,CarolineMarquesDracxler,2011/2012
Euterpe,edulis,Euterpe edulis,Brazil,Rio de Janeiro,Atlantic Forest,FragSantoAntonio,-22.539651,-42.36038,Site3,Ee3,100,10.21,CarolineMarquesDracxler,2011/2012
Euterpe,edulis,Euterpe edulis,Brazil,Rio de Janeiro,Atlantic Forest,FragSantoAntonio,-22.539652,-42.360381,Site3,Ee3,101,10.13,CarolineMarquesDracxler,2011/2012
Euterpe,edulis,Euterpe edulis,Brazil,Rio de Janeiro,Atlantic Forest,FragSantoAntonio,-22.539653,-42.360382,Site3,Ee3,102,11.54,CarolineMarquesDracxler,2011/2012
Euterpe,edulis,Euterpe edulis,Brazil,Rio de Janeiro,Atlantic Forest,FragSantoAntonio,-22.539654,-42.360383,Site3,Ee3,103,12.39,CarolineMarquesDracxler,2011/2012
Euterpe,edulis,Euterpe edulis,Brazil,Rio de Janeiro,Atlantic Forest,FragSantoAntonio,-22.539655,-42.360384,Site3,Ee3,104,9.75,CarolineMarquesDracxler,2011/2012
Euterpe,edulis,Euterpe edulis,Brazil,Rio de Janeiro,Atlantic Forest,FragSantoAntonio,-22.539656,-42.360385,Site3,Ee3,105,11.42,CarolineMarquesDracxler,2011/2012
Euterpe,edulis,Euterpe edulis,Brazil,Rio de Janeiro,Atlantic Forest,FragSantoAntonio,-22.539657,-42.360386,Site3,Ee3,106,10.34,CarolineMarquesDracxler,2011/2012
Euterpe,edulis,Euterpe edulis,Brazil,Rio de Janeiro,Atlantic Forest,FragSantoAntonio,-22.539658,-42.360387,Site3,Ee3,107,10.7,CarolineMarquesDracxler,2011/2012
Euterpe,edulis,Euterpe edulis,Brazil,Rio de Janeiro,Atlantic Forest,FragSantoAntonio,-22.539659,-42.360388,Site3,Ee3,108,12.01,CarolineMarquesDracxler,2011/2012
Euterpe,edulis,Euterpe edulis,Brazil,Rio de Janeiro,Atlantic Forest,FragSantoAntonio,-22.53966,-42.360389,Site3,Ee3,109,11.84,CarolineMarquesDracxler,2011/2012
Euterpe,edulis,Euterpe edulis,Brazil,Rio de Janeiro,Atlantic Forest,FragSantoAntonio,-22.539661,-42.36039,Site3,Ee3,110,12.77,CarolineMarquesDracxler,2011/2012
Euterpe,edulis,Euterpe edulis,Brazil,Rio de Janeiro,Atlantic Forest,FragSantoAntonio,-22.539662,-42.360391,Site3,Ee3,111,12.1,CarolineMarquesDracxler,2011/2012
Euterpe,edulis,Euterpe edulis,Brazil,Rio de Janeiro,Atlantic Forest,FragSantoAntonio,-22.539663,-42.360392,Site3,Ee3,112,11.43,CarolineMarquesDracxler,2011/2012
Euterpe,edulis,Euterpe edulis,Brazil,Rio de Janeiro,Atlantic Forest,FragSantoAntonio,-22.539664,-42.360393,Site3,Ee3,113,12.89,CarolineMarquesDracxler,2011/2012
Euterpe,edulis,Euterpe edulis,Brazil,Rio de Janeiro,Atlantic Forest,FragSantoAntonio,-22.539665,-42.360394,Site3,Ee3,114,12.63,CarolineMarquesDracxler,2011/2012
Euterpe,edulis,Euterpe edulis,Brazil,Rio de Janeiro,Atlantic Forest,FragSantoAntonio,-22.539666,-42.360395,Site3,Ee3,115,10.18,CarolineMarquesDracxler,2011/2012
Euterpe,edulis,Euterpe edulis,Brazil,Rio de Janeiro,Atlantic Forest,FragSantoAntonio,-22.539667,-42.360396,Site3,Ee3,116,12.22,CarolineMarquesDracxler,2011/2012
Euterpe,edulis,Euterpe edulis,Brazil,Rio de Janeiro,Atlantic Forest,FragSantoAntonio,-22.539668,-42.360397,Site3,Ee3,117,12.12,CarolineMarquesDracxler,2011/2012
Euterpe,edulis,Euterpe edulis,Brazil,Rio de Janeiro,Atlantic Forest,FragSantoAntonio,-22.539669,-42.360398,Site3,Ee3,118,11.33,CarolineMarquesDracxler,2011/2012
Euterpe,edulis,Euterpe edulis,Brazil,Rio de Janeiro,Atlantic Forest,FragSantoAntonio,-22.53967,-42.360399,Site3,Ee3,119,11.98,CarolineMarquesDracxler,2011/2012
Euterpe,edulis,Euterpe edulis,Brazil,Rio de Janeiro,Atlantic Forest,FragSantoAntonio,-22.539671,-42.3604,Site3,Ee3,120,11.47,CarolineMarquesDracxler,2011/2012
Euterpe,edulis,Euterpe edulis,Brazil,Rio de Janeiro,Atlantic Forest,FragSantoAntonio,-22.539672,-42.360401,Site3,Ee3,121,10.89,CarolineMarquesDracxler,2011/2012
Euterpe,edulis,Euterpe edulis,Brazil,Rio de Janeiro,Atlantic Forest,FragSantoAntonio,-22.539673,-42.360402,Site3,Ee3,122,11.92,CarolineMarquesDracxler,2011/2012
Euterpe,edulis,Euterpe edulis,Brazil,Rio de Janeiro,Atlantic Forest,FragSantoAntonio,-22.539674,-42.360403,Site3,Ee3,123,12.24,CarolineMarquesDracxler,2011/2012
Euterpe,edulis,Euterpe edulis,Brazil,Rio de Janeiro,Atlantic Forest,FragSantoAntonio,-22.539675,-42.360404,Site3,Ee3,124,12.03,CarolineMarquesDracxler,2011/2012
Euterpe,edulis,Euterpe edulis,Brazil,Rio de Janeiro,Atlantic Forest,FragSantoAntonio,-22.539676,-42.360405,Site3,Ee3,125,12.02,CarolineMarquesDracxler,2011/2012
Euterpe,edulis,Euterpe edulis,Brazil,Rio de Janeiro,Atlantic Forest,FragSantoAntonio,-22.539677,-42.360406,Site3,Ee3,126,10.6,CarolineMarquesDracxler,2011/2012
Euterpe,edulis,Euterpe edulis,Brazil,Rio de Janeiro,Atlantic Forest,FragSantoAntonio,-22.539678,-42.360407,Site3,Ee3,127,12.27,CarolineMarquesDracxler,2011/2012
Euterpe,edulis,Euterpe edulis,Brazil,Rio de Janeiro,Atlantic Forest,FragSantoAntonio,-22.539679,-42.360408,Site3,Ee3,128,12.4,CarolineMarquesDracxler,2011/2012
Euterpe,edulis,Euterpe edulis,Brazil,Rio de Janeiro,Atlantic Forest,FragSantoAntonio,-22.53968,-42.360409,Site3,Ee3,129,12.12,CarolineMarquesDracxler,2011/2012
Euterpe,edulis,Euterpe edulis,Brazil,Rio de Janeiro,Atlantic Forest,FragSantoAntonio,-22.539681,-42.36041,Site3,Ee3,130,10.41,CarolineMarquesDracxler,2011/2012
Euterpe,edulis,Euterpe edulis,Brazil,Rio de Janeiro,Atlantic Forest,FragSantoAntonio,-22.539682,-42.360411,Site3,Ee3,131,11.6,CarolineMarquesDracxler,2011/2012
Euterpe,edulis,Euterpe edulis,Brazil,Rio de Janeiro,Atlantic Forest,FragSantoAntonio,-22.539683,-42.360412,Site3,Ee3,132,11.69,CarolineMarquesDracxler,2011/2012
Euterpe,edulis,Euterpe edulis,Brazil,Rio de Janeiro,Atlantic Forest,FragSantoAntonio,-22.539684,-42.360413,Site3,Ee3,133,11.85,CarolineMarquesDracxler,2011/2012
Euterpe,edulis,Euterpe edulis,Brazil,Rio de Janeiro,Atlantic Forest,FragSantoAntonio,-22.539685,-42.360414,Site3,Ee3,134,11.14,CarolineMarquesDracxler,2011/2012
Euterpe,edulis,Euterpe edulis,Brazil,Rio de Janeiro,Atlantic Forest,FragSantoAntonio,-22.539686,-42.360415,Site3,Ee3,135,11.51,CarolineMarquesDracxler,2011/2012
Euterpe,edulis,Euterpe edulis,Brazil,Rio de Janeiro,Atlantic Forest,FragSantoAntonio,-22.539687,-42.360416,Site3,Ee3,136,12.3,CarolineMarquesDracxler,2011/2012
Euterpe,edulis,Euterpe edulis,Brazil,Rio de Janeiro,Atlantic Forest,FragSantoAntonio,-22.539688,-42.360417,Site3,Ee3,137,12.37,CarolineMarquesDracxler,2011/2012
Euterpe,edulis,Euterpe edulis,Brazil,Rio de Janeiro,Atlantic Forest,FragSantoAntonio,-22.539689,-42.360418,Site3,Ee3,138,11.58,CarolineMarquesDracxler,2011/2012
Euterpe,edulis,Euterpe edulis,Brazil,Rio de Janeiro,Atlantic Forest,FragSantoAntonio,-22.53969,-42.360419,Site3,Ee3,139,10.67,CarolineMarquesDracxler,2011/2012
Euterpe,edulis,Euterpe edulis,Brazil,Rio de Janeiro,Atlantic Forest,FragSantoAntonio,-22.539691,-42.36042,Site3,Ee3,140,11.1,CarolineMarquesDracxler,2011/2012
Euterpe,edulis,Euterpe edulis,Brazil,Rio de Janeiro,Atlantic Forest,FragSantoAntonio,-22.539692,-42.360421,Site3,Ee3,141,11.36,CarolineMarquesDracxler,2011/2012
Euterpe,edulis,Euterpe edulis,Brazil,Rio de Janeiro,Atlantic Forest,FragSantoAntonio,-22.539693,-42.360422,Site3,Ee3,142,10.61,CarolineMarquesDracxler,2011/2012
Euterpe,edulis,Euterpe edulis,Brazil,Rio de Janeiro,Atlantic Forest,FragSantoAntonio,-22.539694,-42.360423,Site3,Ee3,143,11.45,CarolineMarquesDracxler,2011/2012
Euterpe,edulis,Euterpe edulis,Brazil,Rio de Janeiro,Atlantic Forest,FragSantoAntonio,-22.539695,-42.360424,Site3,Ee3,144,11.85,CarolineMarquesDracxler,2011/2012
Euterpe,edulis,Euterpe edulis,Brazil,Rio de Janeiro,Atlantic Forest,FragSantoAntonio,-22.539696,-42.360425,Site3,Ee3,145,12.1,CarolineMarquesDracxler,2011/2012
Euterpe,edulis,Euterpe edulis,Brazil,Rio de Janeiro,Atlantic Forest,FragSantoAntonio,-22.539697,-42.360426,Site3,Ee3,146,12.3,CarolineMarquesDracxler,2011/2012
Euterpe,edulis,Euterpe edulis,Brazil,Rio de Janeiro,Atlantic Forest,FragSantoAntonio,-22.539698,-42.360427,Site3,Ee3,147,10.23,CarolineMarquesDracxler,2011/2012
Euterpe,edulis,Euterpe edulis,Brazil,Rio de Janeiro,Atlantic Forest,FragSantoAntonio,-22.539699,-42.360428,Site3,Ee3,148,11.49,CarolineMarquesDracxler,2011/2012
Euterpe,edulis,Euterpe edulis,Brazil,Rio de Janeiro,Atlantic Forest,FragSantoAntonio,-22.5397,-42.360429,Site3,Ee3,149,11.71,CarolineMarquesDracxler,2011/2012
Euterpe,edulis,Euterpe edulis,Brazil,Rio de Janeiro,Atlantic Forest,FragSantoAntonio,-22.539701,-42.36043,Site3,Ee3,150,11.58,CarolineMarquesDracxler,2011/2012
Euterpe,edulis,Euterpe edulis,Brazil,Rio de Janeiro,Atlantic Forest,FragSantoAntonio,-22.539702,-42.360431,Site3,Ee3,151,12.04,CarolineMarquesDracxler,2011/2012
Euterpe,edulis,Euterpe edulis,Brazil,Rio de Janeiro,Atlantic Forest,FragSantoAntonio,-22.539703,-42.360432,Site3,Ee3,152,11.31,CarolineMarquesDracxler,2011/2012
Euterpe,edulis,Euterpe edulis,Brazil,Rio de Janeiro,Atlantic Forest,FragSantoAntonio,-22.539704,-42.360433,Site3,Ee3,153,11.71,CarolineMarquesDracxler,2011/2012
Euterpe,edulis,Euterpe edulis,Brazil,Rio de Janeiro,Atlantic Forest,FragSantoAntonio,-22.539705,-42.360434,Site3,Ee3,154,11.62,CarolineMarquesDracxler,2011/2012
Euterpe,edulis,Euterpe edulis,Brazil,Rio de Janeiro,Atlantic Forest,FragSantoAntonio,-22.539706,-42.360435,Site3,Ee3,155,13.03,CarolineMarquesDracxler,2011/2012
Euterpe,edulis,Euterpe edulis,Brazil,Rio de Janeiro,Atlantic Forest,FragSantoAntonio,-22.539707,-42.360436,Site3,Ee3,156,11.85,CarolineMarquesDracxler,2011/2012
Euterpe,edulis,Euterpe edulis,Brazil,Rio de Janeiro,Atlantic Forest,FragSantoAntonio,-22.539708,-42.360437,Site3,Ee3,157,10.51,CarolineMarquesDracxler,2011/2012
Euterpe,edulis,Euterpe edulis,Brazil,Rio de Janeiro,Atlantic Forest,FragSantoAntonio,-22.539709,-42.360438,Site3,Ee3,158,11.58,CarolineMarquesDracxler,2011/2012
Euterpe,edulis,Euterpe edulis,Brazil,Rio de Janeiro,Atlantic Forest,FragSantoAntonio,-22.53971,-42.360439,Site3,Ee3,159,9.42,CarolineMarquesDracxler,2011/2012
Euterpe,edulis,Euterpe edulis,Brazil,Rio de Janeiro,Atlantic Forest,FragSantoAntonio,-22.539711,-42.36044,Site3,Ee3,160,10.56,CarolineMarquesDracxler,2011/2012
Euterpe,edulis,Euterpe edulis,Brazil,Rio de Janeiro,Atlantic Forest,FragSantoAntonio,-22.539712,-42.360441,Site3,Ee3,161,11.75,CarolineMarquesDracxler,2011/2012
Euterpe,edulis,Euterpe edulis,Brazil,Rio de Janeiro,Atlantic Forest,FragSantoAntonio,-22.539713,-42.360442,Site3,Ee3,162,9.32,CarolineMarquesDracxler,2011/2012
Euterpe,edulis,Euterpe edulis,Brazil,Rio de Janeiro,Atlantic Forest,ReBioPocodasAntas,-22.532856,-42.299777,Site4,Ee4,166,11.38,CarolineMarquesDracxler,2011/2012
Euterpe,edulis,Euterpe edulis,Brazil,Rio de Janeiro,Atlantic Forest,ReBioPocodasAntas,-22.532856,-42.299777,Site4,Ee4,167,11.45,CarolineMarquesDracxler,2011/2012
Euterpe,edulis,Euterpe edulis,Brazil,Rio de Janeiro,Atlantic Forest,ReBioPocodasAntas,-22.532856,-42.299777,Site4,Ee4,168,10.76,CarolineMarquesDracxler,2011/2012
Euterpe,edulis,Euterpe edulis,Brazil,Rio de Janeiro,Atlantic Forest,ReBioPocodasAntas,-22.532856,-42.299777,Site4,Ee4,169,10.63,CarolineMarquesDracxler,2011/2012
Euterpe,edulis,Euterpe edulis,Brazil,Rio de Janeiro,Atlantic Forest,ReBioPocodasAntas,-22.532856,-42.299777,Site4,Ee4,170,10.51,CarolineMarquesDracxler,2011/2012
Euterpe,edulis,Euterpe edulis,Brazil,Rio de Janeiro,Atlantic Forest,ReBioPocodasAntas,-22.532856,-42.299777,Site4,Ee4,171,10.44,CarolineMarquesDracxler,2011/2012
Euterpe,edulis,Euterpe edulis,Brazil,Rio de Janeiro,Atlantic Forest,ReBioPocodasAntas,-22.532856,-42.299777,Site4,Ee4,172,10.84,CarolineMarquesDracxler,2011/2012
Euterpe,edulis,Euterpe edulis,Brazil,Rio de Janeiro,Atlantic Forest,ReBioPocodasAntas,-22.532856,-42.299777,Site4,Ee4,173,10.95,CarolineMarquesDracxler,2011/2012
Euterpe,edulis,Euterpe edulis,Brazil,Rio de Janeiro,Atlantic Forest,ReBioPocodasAntas,-22.532856,-42.299777,Site4,Ee4,174,9.65,CarolineMarquesDracxler,2011/2012
Euterpe,edulis,Euterpe edulis,Brazil,Rio de Janeiro,Atlantic Forest,ReBioPocodasAntas,-22.532856,-42.299777,Site4,Ee4,175,10.17,CarolineMarquesDracxler,2011/2012
Euterpe,edulis,Euterpe edulis,Brazil,Rio de Janeiro,Atlantic Forest,ReBioPocodasAntas,-22.532856,-42.299777,Site4,Ee4,176,11.21,CarolineMarquesDracxler,2011/2012
Euterpe,edulis,Euterpe edulis,Brazil,Rio de Janeiro,Atlantic Forest,ReBioPocodasAntas,-22.532856,-42.299777,Site4,Ee4,177,10.21,CarolineMarquesDracxler,2011/2012
Euterpe,edulis,Euterpe edulis,Brazil,Rio de Janeiro,Atlantic Forest,ReBioPocodasAntas,-22.532856,-42.299777,Site4,Ee4,178,9.65,CarolineMarquesDracxler,2011/2012
Euterpe,edulis,Euterpe edulis,Brazil,Rio de Janeiro,Atlantic Forest,ReBioPocodasAntas,-22.532856,-42.299777,Site4,Ee4,179,10.88,CarolineMarquesDracxler,2011/2012
Euterpe,edulis,Euterpe edulis,Brazil,Rio de Janeiro,Atlantic Forest,ReBioPocodasAntas,-22.532856,-42.299777,Site4,Ee4,180,9.64,CarolineMarquesDracxler,2011/2012
Euterpe,edulis,Euterpe edulis,Brazil,Rio de Janeiro,Atlantic Forest,ReBioPocodasAntas,-22.532856,-42.299777,Site4,Ee4,181,9.78,CarolineMarquesDracxler,2011/2012
Euterpe,edulis,Euterpe edulis,Brazil,Rio de Janeiro,Atlantic Forest,ReBioPocodasAntas,-22.532856,-42.299777,Site4,Ee4,182,10.03,CarolineMarquesDracxler,2011/2012
Euterpe,edulis,Euterpe edulis,Brazil,Rio de Janeiro,Atlantic Forest,ReBioPocodasAntas,-22.532856,-42.299777,Site4,Ee4,183,10.14,CarolineMarquesDracxler,2011/2012
Euterpe,edulis,Euterpe edulis,Brazil,Rio de Janeiro,Atlantic Forest,ReBioPocodasAntas,-22.532856,-42.299777,Site4,Ee4,184,13,CarolineMarquesDracxler,2011/2012
Euterpe,edulis,Euterpe edulis,Brazil,Rio de Janeiro,Atlantic Forest,ReBioPocodasAntas,-22.532856,-42.299777,Site4,Ee4,185,10.97,CarolineMarquesDracxler,2011/2012
Euterpe,edulis,Euterpe edulis,Brazil,Rio de Janeiro,Atlantic Forest,ReBioPocodasAntas,-22.532856,-42.299777,Site4,Ee4,186,10.08,CarolineMarquesDracxler,2011/2012
Euterpe,edulis,Euterpe edulis,Brazil,Rio de Janeiro,Atlantic Forest,ReBioPocodasAntas,-22.532856,-42.299777,Site4,Ee4,187,9.95,CarolineMarquesDracxler,2011/2012
Euterpe,edulis,Euterpe edulis,Brazil,Rio de Janeiro,Atlantic Forest,ReBioPocodasAntas,-22.532856,-42.299777,Site4,Ee4,188,9.66,CarolineMarquesDracxler,2011/2012
Euterpe,edulis,Euterpe edulis,Brazil,Rio de Janeiro,Atlantic Forest,ReBioPocodasAntas,-22.532856,-42.299777,Site4,Ee4,189,10.34,CarolineMarquesDracxler,2011/2012
Euterpe,edulis,Euterpe edulis,Brazil,Rio de Janeiro,Atlantic Forest,ReBioPocodasAntas,-22.532856,-42.299777,Site4,Ee4,190,10.76,CarolineMarquesDracxler,2011/2012
Euterpe,edulis,Euterpe edulis,Brazil,Rio de Janeiro,Atlantic Forest,ReBioPocodasAntas,-22.532856,-42.299777,Site4,Ee4,191,8.6,CarolineMarquesDracxler,2011/2012
Euterpe,edulis,Euterpe edulis,Brazil,Rio de Janeiro,Atlantic Forest,ReBioPocodasAntas,-22.532856,-42.299777,Site4,Ee4,192,9.67,CarolineMarquesDracxler,2011/2012
Euterpe,edulis,Euterpe edulis,Brazil,Rio de Janeiro,Atlantic Forest,ReBioPocodasAntas,-22.532856,-42.299777,Site4,Ee4,193,10.82,CarolineMarquesDracxler,2011/2012
Euterpe,edulis,Euterpe edulis,Brazil,Rio de Janeiro,Atlantic Forest,ReBioPocodasAntas,-22.532856,-42.299777,Site4,Ee4,194,11.08,CarolineMarquesDracxler,2011/2012
Euterpe,edulis,Euterpe edulis,Brazil,Rio de Janeiro,Atlantic Forest,ReBioPocodasAntas,-22.532856,-42.299777,Site4,Ee4,195,13.21,CarolineMarquesDracxler,2011/2012
Euterpe,edulis,Euterpe edulis,Brazil,Rio de Janeiro,Atlantic Forest,ReBioPocodasAntas,-22.532856,-42.299777,Site4,Ee4,196,9.47,CarolineMarquesDracxler,2011/2012
Euterpe,edulis,Euterpe edulis,Brazil,Rio de Janeiro,Atlantic Forest,ReBioPocodasAntas,-22.532856,-42.299777,Site4,Ee4,197,11.63,CarolineMarquesDracxler,2011/2012
Euterpe,edulis,Euterpe edulis,Brazil,Rio de Janeiro,Atlantic Forest,ReBioPocodasAntas,-22.532856,-42.299777,Site4,Ee4,198,9.67,CarolineMarquesDracxler,2011/2012
Euterpe,edulis,Euterpe edulis,Brazil,Rio de Janeiro,Atlantic Forest,ReBioPocodasAntas,-22.532856,-42.299777,Site4,Ee4,199,10.87,CarolineMarquesDracxler,2011/2012
Euterpe,edulis,Euterpe edulis,Brazil,Rio de Janeiro,Atlantic Forest,ReBioPocodasAntas,-22.532856,-42.299777,Site4,Ee4,200,10.5,CarolineMarquesDracxler,2011/2012
Euterpe,edulis,Euterpe edulis,Brazil,Rio de Janeiro,Atlantic Forest,ReBioPocodasAntas,-22.532856,-42.299777,Site4,Ee4,201,10.93,CarolineMarquesDracxler,2011/2012
Euterpe,edulis,Euterpe edulis,Brazil,Rio de Janeiro,Atlantic Forest,ReBioPocodasAntas,-22.532856,-42.299777,Site4,Ee4,202,9.95,CarolineMarquesDracxler,2011/2012
Euterpe,edulis,Euterpe edulis,Brazil,Rio de Janeiro,Atlantic Forest,ReBioPocodasAntas,-22.532856,-42.299777,Site4,Ee4,203,8.95,CarolineMarquesDracxler,2011/2012
Euterpe,edulis,Euterpe edulis,Brazil,Rio de Janeiro,Atlantic Forest,ReBioPocodasAntas,-22.532856,-42.299777,Site4,Ee4,204,10.25,CarolineMarquesDracxler,2011/2012
Euterpe,edulis,Euterpe edulis,Brazil,Rio de Janeiro,Atlantic Forest,ReBioPocodasAntas,-22.532856,-42.299777,Site4,Ee4,205,10.66,CarolineMarquesDracxler,2011/2012
Euterpe,edulis,Euterpe edulis,Brazil,Rio de Janeiro,Atlantic Forest,ReBioPocodasAntas,-22.532856,-42.299777,Site4,Ee4,206,10.85,CarolineMarquesDracxler,2011/2012
Euterpe,edulis,Euterpe edulis,Brazil,Rio de Janeiro,Atlantic Forest,ReBioPocodasAntas,-22.532856,-42.299777,Site4,Ee4,207,11.15,CarolineMarquesDracxler,2011/2012
Euterpe,edulis,Euterpe edulis,Brazil,Rio de Janeiro,Atlantic Forest,ReBioPocodasAntas,-22.532856,-42.299777,Site4,Ee4,208,10.9,CarolineMarquesDracxler,2011/2012
Euterpe,edulis,Euterpe edulis,Brazil,Rio de Janeiro,Atlantic Forest,ReBioPocodasAntas,-22.532856,-42.299777,Site4,Ee4,209,10.48,CarolineMarquesDracxler,2011/2012
Euterpe,edulis,Euterpe edulis,Brazil,Rio de Janeiro,Atlantic Forest,ReBioPocodasAntas,-22.532856,-42.299777,Site4,Ee4,210,11.29,CarolineMarquesDracxler,2011/2012
Euterpe,edulis,Euterpe edulis,Brazil,Rio de Janeiro,Atlantic Forest,ReBioPocodasAntas,-22.532856,-42.299777,Site4,Ee4,211,9.68,CarolineMarquesDracxler,2011/2012
Euterpe,edulis,Euterpe edulis,Brazil,Rio de Janeiro,Atlantic Forest,ReBioPocodasAntas,-22.532856,-42.299777,Site4,Ee4,212,9.2,CarolineMarquesDracxler,2011/2012
Euterpe,edulis,Euterpe edulis,Brazil,Rio de Janeiro,Atlantic Forest,ReBioPocodasAntas,-22.532856,-42.299777,Site4,Ee4,213,11.16,CarolineMarquesDracxler,2011/2012
Euterpe,edulis,Euterpe edulis,Brazil,Rio de Janeiro,Atlantic Forest,ReBioPocodasAntas,-22.532856,-42.299777,Site4,Ee4,214,10.39,CarolineMarquesDracxler,2011/2012
Euterpe,edulis,Euterpe edulis,Brazil,Rio de Janeiro,Atlantic Forest,ReBioPocodasAntas,-22.532856,-42.299777,Site4,Ee4,215,10.75,CarolineMarquesDracxler,2011/2012
Euterpe,edulis,Euterpe edulis,Brazil,Rio de Janeiro,Atlantic Forest,ReBioPocodasAntas,-22.532856,-42.299777,Site4,Ee4,216,10.54,CarolineMarquesDracxler,2011/2012
Euterpe,edulis,Euterpe edulis,Brazil,Rio de Janeiro,Atlantic Forest,ReBioPocodasAntas,-22.532856,-42.299777,Site4,Ee4,217,9.33,CarolineMarquesDracxler,2011/2012
Euterpe,edulis,Euterpe edulis,Brazil,Rio de Janeiro,Atlantic Forest,ReBioPocodasAntas,-22.532856,-42.299777,Site4,Ee4,218,9.78,CarolineMarquesDracxler,2011/2012
Euterpe,edulis,Euterpe edulis,Brazil,Rio de Janeiro,Atlantic Forest,ReBioPocodasAntas,-22.532856,-42.299777,Site4,Ee4,219,9.96,CarolineMarquesDracxler,2011/2012
Euterpe,edulis,Euterpe edulis,Brazil,Rio de Janeiro,Atlantic Forest,ReBioPocodasAntas,-22.532856,-42.299777,Site4,Ee4,220,10.67,CarolineMarquesDracxler,2011/2012
Euterpe,edulis,Euterpe edulis,Brazil,Rio de Janeiro,Atlantic Forest,ReBioPocodasAntas,-22.532856,-42.299777,Site4,Ee4,221,9.14,CarolineMarquesDracxler,2011/2012
Euterpe,edulis,Euterpe edulis,Brazil,Rio de Janeiro,Atlantic Forest,ReBioPocodasAntas,-22.532856,-42.299777,Site4,Ee4,222,10.83,CarolineMarquesDracxler,2011/2012
Euterpe,edulis,Euterpe edulis,Brazil,Rio de Janeiro,Atlantic Forest,ReBioPocodasAntas,-22.532856,-42.299777,Site4,Ee4,223,10.66,CarolineMarquesDracxler,2011/2012
Euterpe,edulis,Euterpe edulis,Brazil,Rio de Janeiro,Atlantic Forest,ReBioPocodasAntas,-22.532856,-42.299777,Site4,Ee4,224,9.88,CarolineMarquesDracxler,2011/2012
Euterpe,edulis,Euterpe edulis,Brazil,Rio de Janeiro,Atlantic Forest,ReBioPocodasAntas,-22.532856,-42.299777,Site4,Ee4,225,10.74,CarolineMarquesDracxler,2011/2012
Euterpe,edulis,Euterpe edulis,Brazil,Rio de Janeiro,Atlantic Forest,ReBioPocodasAntas,-22.532856,-42.299777,Site4,Ee4,226,9.64,CarolineMarquesDracxler,2011/2012
Euterpe,edulis,Euterpe edulis,Brazil,Rio de Janeiro,Atlantic Forest,ReBioPocodasAntas,-22.532856,-42.299777,Site4,Ee4,227,10.92,CarolineMarquesDracxler,2011/2012
Euterpe,edulis,Euterpe edulis,Brazil,Rio de Janeiro,Atlantic Forest,ReBioPocodasAntas,-22.532856,-42.299777,Site4,Ee4,228,10.56,CarolineMarquesDracxler,2011/2012
Euterpe,edulis,Euterpe edulis,Brazil,Rio de Janeiro,Atlantic Forest,ReBioPocodasAntas,-22.532856,-42.299777,Site4,Ee4,229,11.58,CarolineMarquesDracxler,2011/2012
Euterpe,edulis,Euterpe edulis,Brazil,Rio de Janeiro,Atlantic Forest,ReBioPocodasAntas,-22.532856,-42.299777,Site4,Ee4,230,12,CarolineMarquesDracxler,2011/2012
Euterpe,edulis,Euterpe edulis,Brazil,Rio de Janeiro,Atlantic Forest,ReBioPocodasAntas,-22.532856,-42.299777,Site4,Ee4,231,9.84,CarolineMarquesDracxler,2011/2012
Euterpe,edulis,Euterpe edulis,Brazil,Rio de Janeiro,Atlantic Forest,ReBioPocodasAntas,-22.532856,-42.299777,Site4,Ee4,232,10.62,CarolineMarquesDracxler,2011/2012
Euterpe,edulis,Euterpe edulis,Brazil,Rio de Janeiro,Atlantic Forest,ReBioPocodasAntas,-22.532856,-42.299777,Site4,Ee4,233,10.24,CarolineMarquesDracxler,2011/2012
Euterpe,edulis,Euterpe edulis,Brazil,Rio de Janeiro,Atlantic Forest,ReBioPocodasAntas,-22.532856,-42.299777,Site4,Ee4,234,11.08,CarolineMarquesDracxler,2011/2012
Euterpe,edulis,Euterpe edulis,Brazil,Rio de Janeiro,Atlantic Forest,ReBioPocodasAntas,-22.532856,-42.299777,Site4,Ee4,235,10.5,CarolineMarquesDracxler,2011/2012
Euterpe,edulis,Euterpe edulis,Brazil,Rio de Janeiro,Atlantic Forest,ReBioPocodasAntas,-22.532856,-42.299777,Site4,Ee4,236,9.6,CarolineMarquesDracxler,2011/2012
Euterpe,edulis,Euterpe edulis,Brazil,Rio de Janeiro,Atlantic Forest,ReBioPocodasAntas,-22.532856,-42.299777,Site4,Ee4,237,9.66,CarolineMarquesDracxler,2011/2012
Euterpe,edulis,Euterpe edulis,Brazil,Rio de Janeiro,Atlantic Forest,ReBioPocodasAntas,-22.532856,-42.299777,Site4,Ee4,238,9.92,CarolineMarquesDracxler,2011/2012
Euterpe,edulis,Euterpe edulis,Brazil,Rio de Janeiro,Atlantic Forest,ReBioPocodasAntas,-22.532856,-42.299777,Site4,Ee4,239,8.44,CarolineMarquesDracxler,2011/2012
Euterpe,edulis,Euterpe edulis,Brazil,Rio de Janeiro,Atlantic Forest,ReBioPocodasAntas,-22.532856,-42.299777,Site4,Ee4,240,10.15,CarolineMarquesDracxler,2011/2012
Euterpe,edulis,Euterpe edulis,Brazil,Rio de Janeiro,Atlantic Forest,ReBioPocodasAntas,-22.532856,-42.299777,Site4,Ee4,241,9.58,CarolineMarquesDracxler,2011/2012
Euterpe,edulis,Euterpe edulis,Brazil,Rio de Janeiro,Atlantic Forest,ReBioPocodasAntas,-22.532856,-42.299777,Site4,Ee4,242,10.93,CarolineMarquesDracxler,2011/2012
Euterpe,edulis,Euterpe edulis,Brazil,Rio de Janeiro,Atlantic Forest,ReBioPocodasAntas,-22.532856,-42.299777,Site4,Ee4,243,9.16,CarolineMarquesDracxler,2011/2012
Euterpe,edulis,Euterpe edulis,Brazil,Rio de Janeiro,Atlantic Forest,ReBioPocodasAntas,-22.532856,-42.299777,Site4,Ee4,244,8.89,CarolineMarquesDracxler,2011/2012
Euterpe,edulis,Euterpe edulis,Brazil,Rio de Janeiro,Atlantic Forest,ReBioPocodasAntas,-22.532856,-42.299777,Site4,Ee4,245,8.65,CarolineMarquesDracxler,2011/2012
Euterpe,edulis,Euterpe edulis,Brazil,Rio de Janeiro,Atlantic Forest,ReBioPocodasAntas,-22.532856,-42.299777,Site4,Ee4,246,9.1,CarolineMarquesDracxler,2011/2012
Euterpe,edulis,Euterpe edulis,Brazil,Rio de Janeiro,Atlantic Forest,ReBioPocodasAntas,-22.532856,-42.299777,Site4,Ee4,247,10.13,CarolineMarquesDracxler,2011/2012
Euterpe,edulis,Euterpe edulis,Brazil,Rio de Janeiro,Atlantic Forest,ReBioPocodasAntas,-22.532856,-42.299777,Site4,Ee4,248,9.41,CarolineMarquesDracxler,2011/2012
Euterpe,edulis,Euterpe edulis,Brazil,Rio de Janeiro,Atlantic Forest,ReBioPocodasAntas,-22.532856,-42.299777,Site4,Ee4,249,8.95,CarolineMarquesDracxler,2011/2012
Euterpe,edulis,Euterpe edulis,Brazil,Rio de Janeiro,Atlantic Forest,ReBioPocodasAntas,-22.532856,-42.299777,Site4,Ee4,250,9.56,CarolineMarquesDracxler,2011/2012
Euterpe,edulis,Euterpe edulis,Brazil,Rio de Janeiro,Atlantic Forest,ReBioPocodasAntas,-22.532856,-42.299777,Site4,Ee4,251,8.62,CarolineMarquesDracxler,2011/2012
Euterpe,edulis,Euterpe edulis,Brazil,Rio de Janeiro,Atlantic Forest,ReBioPocodasAntas,-22.532856,-42.299777,Site4,Ee4,252,10.55,CarolineMarquesDracxler,2011/2012
Euterpe,edulis,Euterpe edulis,Brazil,Rio de Janeiro,Atlantic Forest,ReBioPocodasAntas,-22.532856,-42.299777,Site4,Ee4,253,11.09,CarolineMarquesDracxler,2011/2012
Euterpe,edulis,Euterpe edulis,Brazil,Rio de Janeiro,Atlantic Forest,ReBioPocodasAntas,-22.532856,-42.299777,Site4,Ee4,254,8.8,CarolineMarquesDracxler,2011/2012
Euterpe,edulis,Euterpe edulis,Brazil,Rio de Janeiro,Atlantic Forest,ReBioPocodasAntas,-22.532856,-42.299777,Site4,Ee4,255,8.42,CarolineMarquesDracxler,2011/2012
Euterpe,edulis,Euterpe edulis,Brazil,Rio de Janeiro,Atlantic Forest,ReBioPocodasAntas,-22.532856,-42.299777,Site4,Ee4,256,10.42,CarolineMarquesDracxler,2011/2012
Euterpe,edulis,Euterpe edulis,Brazil,Rio de Janeiro,Atlantic Forest,ReBioPocodasAntas,-22.532856,-42.299777,Site4,Ee4,257,9.66,CarolineMarquesDracxler,2011/2012
Euterpe,edulis,Euterpe edulis,Brazil,Rio de Janeiro,Atlantic Forest,ReBioPocodasAntas,-22.532856,-42.299777,Site4,Ee4,258,10.92,CarolineMarquesDracxler,2011/2012
Euterpe,edulis,Euterpe edulis,Brazil,Rio de Janeiro,Atlantic Forest,ReBioPocodasAntas,-22.532856,-42.299777,Site4,Ee4,259,9.16,CarolineMarquesDracxler,2011/2012
Euterpe,edulis,Euterpe edulis,Brazil,Rio de Janeiro,Atlantic Forest,ReBioPocodasAntas,-22.532856,-42.299777,Site4,Ee4,260,9.68,CarolineMarquesDracxler,2011/2012
Euterpe,edulis,Euterpe edulis,Brazil,Rio de Janeiro,Atlantic Forest,ReBioPocodasAntas,-22.532856,-42.299777,Site4,Ee4,261,9.7,CarolineMarquesDracxler,2011/2012
Euterpe,edulis,Euterpe edulis,Brazil,Rio de Janeiro,Atlantic Forest,ReBioPocodasAntas,-22.532856,-42.299777,Site4,Ee4,262,9.18,CarolineMarquesDracxler,2011/2012
Euterpe,edulis,Euterpe edulis,Brazil,Rio de Janeiro,Atlantic Forest,ReBioPocodasAntas,-22.532856,-42.299777,Site4,Ee4,263,10.07,CarolineMarquesDracxler,2011/2012
Euterpe,edulis,Euterpe edulis,Brazil,Rio de Janeiro,Atlantic Forest,ReBioPocodasAntas,-22.532856,-42.299777,Site4,Ee4,264,11.05,CarolineMarquesDracxler,2011/2012
Euterpe,edulis,Euterpe edulis,Brazil,Rio de Janeiro,Atlantic Forest,ReBioPocodasAntas,-22.532856,-42.299777,Site4,Ee4,265,10.55,CarolineMarquesDracxler,2011/2012
Euterpe,edulis,Euterpe edulis,Brazil,Rio de Janeiro,Atlantic Forest,ReBioPocodasAntas,-22.532856,-42.299777,Site4,Ee4,266,9.81,CarolineMarquesDracxler,2011/2012
Euterpe,edulis,Euterpe edulis,Brazil,Rio de Janeiro,Atlantic Forest,ReBioPocodasAntas,-22.532856,-42.299777,Site4,Ee4,267,11.23,CarolineMarquesDracxler,2011/2012
Euterpe,edulis,Euterpe edulis,Brazil,Rio de Janeiro,Atlantic Forest,ReBioPocodasAntas,-22.532856,-42.299777,Site4,Ee4,268,11.15,CarolineMarquesDracxler,2011/2012
Euterpe,edulis,Euterpe edulis,Brazil,Rio de Janeiro,Atlantic Forest,ReBioPocodasAntas,-22.532856,-42.299777,Site4,Ee4,269,9.55,CarolineMarquesDracxler,2011/2012
Euterpe,edulis,Euterpe edulis,Brazil,Rio de Janeiro,Atlantic Forest,ReBioPocodasAntas,-22.532856,-42.299777,Site4,Ee4,270,10.46,CarolineMarquesDracxler,2011/2012
Euterpe,edulis,Euterpe edulis,Brazil,Rio de Janeiro,Atlantic Forest,ReBioPocodasAntas,-22.532856,-42.299777,Site4,Ee4,271,10.19,CarolineMarquesDracxler,2011/2012
Euterpe,edulis,Euterpe edulis,Brazil,Rio de Janeiro,Atlantic Forest,ReBioPocodasAntas,-22.532856,-42.299777,Site4,Ee4,272,10.27,CarolineMarquesDracxler,2011/2012
Euterpe,edulis,Euterpe edulis,Brazil,Rio de Janeiro,Atlantic Forest,ReBioPocodasAntas,-22.532856,-42.299777,Site4,Ee4,273,11.14,CarolineMarquesDracxler,2011/2012
Euterpe,edulis,Euterpe edulis,Brazil,Rio de Janeiro,Atlantic Forest,ReBioPocodasAntas,-22.532856,-42.299777,Site4,Ee4,274,11.23,CarolineMarquesDracxler,2011/2012
Euterpe,edulis,Euterpe edulis,Brazil,Rio de Janeiro,Atlantic Forest,ReBioPocodasAntas,-22.532856,-42.299777,Site4,Ee4,275,10.06,CarolineMarquesDracxler,2011/2012
Euterpe,edulis,Euterpe edulis,Brazil,Rio de Janeiro,Atlantic Forest,ReBioPocodasAntas,-22.532856,-42.299777,Site4,Ee4,276,10.03,CarolineMarquesDracxler,2011/2012
Euterpe,edulis,Euterpe edulis,Brazil,Rio de Janeiro,Atlantic Forest,ReBioPocodasAntas,-22.532856,-42.299777,Site4,Ee4,277,9.36,CarolineMarquesDracxler,2011/2012
Euterpe,edulis,Euterpe edulis,Brazil,Rio de Janeiro,Atlantic Forest,ReBioPocodasAntas,-22.532856,-42.299777,Site4,Ee4,278,11.07,CarolineMarquesDracxler,2011/2012
Euterpe,edulis,Euterpe edulis,Brazil,Rio de Janeiro,Atlantic Forest,ReBioPocodasAntas,-22.532856,-42.299777,Site4,Ee4,279,10.89,CarolineMarquesDracxler,2011/2012
Euterpe,edulis,Euterpe edulis,Brazil,Rio de Janeiro,Atlantic Forest,ReBioPocodasAntas,-22.532856,-42.299777,Site4,Ee4,280,11.52,CarolineMarquesDracxler,2011/2012
Euterpe,edulis,Euterpe edulis,Brazil,Rio de Janeiro,Atlantic Forest,ReBioPocodasAntas,-22.532856,-42.299777,Site4,Ee4,281,11.72,CarolineMarquesDracxler,2011/2012
Euterpe,edulis,Euterpe edulis,Brazil,Rio de Janeiro,Atlantic Forest,ReBioPocodasAntas,-22.532856,-42.299777,Site4,Ee4,282,10.67,CarolineMarquesDracxler,2011/2012
Euterpe,edulis,Euterpe edulis,Brazil,Rio de Janeiro,Atlantic Forest,ReBioPocodasAntas,-22.532856,-42.299777,Site4,Ee4,283,10.51,CarolineMarquesDracxler,2011/2012
Euterpe,edulis,Euterpe edulis,Brazil,Rio de Janeiro,Atlantic Forest,ReBioPocodasAntas,-22.532856,-42.299777,Site4,Ee4,284,10.81,CarolineMarquesDracxler,2011/2012
Euterpe,edulis,Euterpe edulis,Brazil,Rio de Janeiro,Atlantic Forest,ReBioPocodasAntas,-22.532856,-42.299777,Site4,Ee4,285,11.2,CarolineMarquesDracxler,2011/2012
Euterpe,edulis,Euterpe edulis,Brazil,Rio de Janeiro,Atlantic Forest,ReBioPocodasAntas,-22.532856,-42.299777,Site4,Ee4,286,9.39,CarolineMarquesDracxler,2011/2012
Euterpe,edulis,Euterpe edulis,Brazil,Rio de Janeiro,Atlantic Forest,ReBioPocodasAntas,-22.532856,-42.299777,Site4,Ee4,287,10.5,CarolineMarquesDracxler,2011/2012
Euterpe,edulis,Euterpe edulis,Brazil,Rio de Janeiro,Atlantic Forest,ReBioPocodasAntas,-22.532856,-42.299777,Site4,Ee4,288,9.95,CarolineMarquesDracxler,2011/2012
Euterpe,edulis,Euterpe edulis,Brazil,Rio de Janeiro,Atlantic Forest,ReBioPocodasAntas,-22.532856,-42.299777,Site4,Ee4,289,8.66,CarolineMarquesDracxler,2011/2012
Euterpe,edulis,Euterpe edulis,Brazil,Rio de Janeiro,Atlantic Forest,ReBioPocodasAntas,-22.532856,-42.299777,Site4,Ee4,290,11.08,CarolineMarquesDracxler,2011/2012
Euterpe,edulis,Euterpe edulis,Brazil,Rio de Janeiro,Atlantic Forest,ReBioPocodasAntas,-22.532856,-42.299777,Site4,Ee4,291,9.42,CarolineMarquesDracxler,2011/2012
Euterpe,edulis,Euterpe edulis,Brazil,Rio de Janeiro,Atlantic Forest,ReBioPocodasAntas,-22.532856,-42.299777,Site4,Ee4,292,10.87,CarolineMarquesDracxler,2011/2012
Euterpe,edulis,Euterpe edulis,Brazil,Rio de Janeiro,Atlantic Forest,ReBioPocodasAntas,-22.532856,-42.299777,Site4,Ee4,293,9.41,CarolineMarquesDracxler,2011/2012
Euterpe,edulis,Euterpe edulis,Brazil,Rio de Janeiro,Atlantic Forest,ReBioPocodasAntas,-22.532856,-42.299777,Site4,Ee4,294,9.39,CarolineMarquesDracxler,2011/2012
Euterpe,edulis,Euterpe edulis,Brazil,Rio de Janeiro,Atlantic Forest,ReBioPocodasAntas,-22.532856,-42.299777,Site4,Ee4,295,10.28,CarolineMarquesDracxler,2011/2012
Euterpe,edulis,Euterpe edulis,Brazil,Rio de Janeiro,Atlantic Forest,ReBioPocodasAntas,-22.532856,-42.299777,Site4,Ee4,296,9.7,CarolineMarquesDracxler,2011/2012
Euterpe,edulis,Euterpe edulis,Brazil,Rio de Janeiro,Atlantic Forest,ReBioPocodasAntas,-22.532856,-42.299777,Site4,Ee4,297,10.93,CarolineMarquesDracxler,2011/2012
Euterpe,edulis,Euterpe edulis,Brazil,Rio de Janeiro,Atlantic Forest,ReBioPocodasAntas,-22.532856,-42.299777,Site4,Ee4,298,10.58,CarolineMarquesDracxler,2011/2012
Euterpe,edulis,Euterpe edulis,Brazil,Rio de Janeiro,Atlantic Forest,ReBioPocodasAntas,-22.532856,-42.299777,Site4,Ee4,299,10.34,CarolineMarquesDracxler,2011/2012
Euterpe,edulis,Euterpe edulis,Brazil,Rio de Janeiro,Atlantic Forest,ReBioPocodasAntas,-22.532856,-42.299777,Site4,Ee4,300,11.4,CarolineMarquesDracxler,2011/2012
Euterpe,edulis,Euterpe edulis,Brazil,Rio de Janeiro,Atlantic Forest,ReBioPocodasAntas,-22.532856,-42.299777,Site4,Ee4,301,11.05,CarolineMarquesDracxler,2011/2012
Euterpe,edulis,Euterpe edulis,Brazil,Rio de Janeiro,Atlantic Forest,ReBioPocodasAntas,-22.532856,-42.299777,Site4,Ee4,302,10.91,CarolineMarquesDracxler,2011/2012
Euterpe,edulis,Euterpe edulis,Brazil,Rio de Janeiro,Atlantic Forest,ReBioPocodasAntas,-22.532856,-42.299777,Site4,Ee4,303,9.95,CarolineMarquesDracxler,2011/2012
Euterpe,edulis,Euterpe edulis,Brazil,Rio de Janeiro,Atlantic Forest,ReBioPocodasAntas,-22.532856,-42.299777,Site4,Ee5,304,11.08,CarolineMarquesDracxler,2011/2012
Euterpe,edulis,Euterpe edulis,Brazil,Rio de Janeiro,Atlantic Forest,ReBioPocodasAntas,-22.532856,-42.299777,Site4,Ee5,305,11.07,CarolineMarquesDracxler,2011/2012
Euterpe,edulis,Euterpe edulis,Brazil,Rio de Janeiro,Atlantic Forest,ReBioPocodasAntas,-22.532856,-42.299777,Site4,Ee5,306,12.49,CarolineMarquesDracxler,2011/2012
Euterpe,edulis,Euterpe edulis,Brazil,Rio de Janeiro,Atlantic Forest,ReBioPocodasAntas,-22.532856,-42.299777,Site4,Ee5,307,11.62,CarolineMarquesDracxler,2011/2012
Euterpe,edulis,Euterpe edulis,Brazil,Rio de Janeiro,Atlantic Forest,ReBioPocodasAntas,-22.532856,-42.299777,Site4,Ee5,308,10.85,CarolineMarquesDracxler,2011/2012
Euterpe,edulis,Euterpe edulis,Brazil,Rio de Janeiro,Atlantic Forest,ReBioPocodasAntas,-22.532856,-42.299777,Site4,Ee5,309,12.01,CarolineMarquesDracxler,2011/2012
Euterpe,edulis,Euterpe edulis,Brazil,Rio de Janeiro,Atlantic Forest,ReBioPocodasAntas,-22.532856,-42.299777,Site4,Ee5,310,12.39,CarolineMarquesDracxler,2011/2012
Euterpe,edulis,Euterpe edulis,Brazil,Rio de Janeiro,Atlantic Forest,ReBioPocodasAntas,-22.532856,-42.299777,Site4,Ee5,311,12.51,CarolineMarquesDracxler,2011/2012
Euterpe,edulis,Euterpe edulis,Brazil,Rio de Janeiro,Atlantic Forest,ReBioPocodasAntas,-22.532856,-42.299777,Site4,Ee5,312,12.46,CarolineMarquesDracxler,2011/2012
Euterpe,edulis,Euterpe edulis,Brazil,Rio de Janeiro,Atlantic Forest,ReBioPocodasAntas,-22.532856,-42.299777,Site4,Ee5,313,12.04,CarolineMarquesDracxler,2011/2012
Euterpe,edulis,Euterpe edulis,Brazil,Rio de Janeiro,Atlantic Forest,ReBioPocodasAntas,-22.532856,-42.299777,Site4,Ee5,314,9.72,CarolineMarquesDracxler,2011/2012
Euterpe,edulis,Euterpe edulis,Brazil,Rio de Janeiro,Atlantic Forest,ReBioPocodasAntas,-22.532856,-42.299777,Site4,Ee5,315,11.64,CarolineMarquesDracxler,2011/2012
Euterpe,edulis,Euterpe edulis,Brazil,Rio de Janeiro,Atlantic Forest,ReBioPocodasAntas,-22.532856,-42.299777,Site4,Ee5,316,10.98,CarolineMarquesDracxler,2011/2012
Euterpe,edulis,Euterpe edulis,Brazil,Rio de Janeiro,Atlantic Forest,ReBioPocodasAntas,-22.532856,-42.299777,Site4,Ee5,317,11.4,CarolineMarquesDracxler,2011/2012
Euterpe,edulis,Euterpe edulis,Brazil,Rio de Janeiro,Atlantic Forest,ReBioPocodasAntas,-22.532856,-42.299777,Site4,Ee5,318,12.58,CarolineMarquesDracxler,2011/2012
Euterpe,edulis,Euterpe edulis,Brazil,Rio de Janeiro,Atlantic Forest,ReBioPocodasAntas,-22.532856,-42.299777,Site4,Ee5,319,10.61,CarolineMarquesDracxler,2011/2012
Euterpe,edulis,Euterpe edulis,Brazil,Rio de Janeiro,Atlantic Forest,ReBioPocodasAntas,-22.532856,-42.299777,Site4,Ee5,320,10.85,CarolineMarquesDracxler,2011/2012
Euterpe,edulis,Euterpe edulis,Brazil,Rio de Janeiro,Atlantic Forest,ReBioPocodasAntas,-22.532856,-42.299777,Site4,Ee5,321,11.07,CarolineMarquesDracxler,2011/2012
Euterpe,edulis,Euterpe edulis,Brazil,Rio de Janeiro,Atlantic Forest,ReBioPocodasAntas,-22.532856,-42.299777,Site4,Ee5,322,10.98,CarolineMarquesDracxler,2011/2012
Euterpe,edulis,Euterpe edulis,Brazil,Rio de Janeiro,Atlantic Forest,ReBioPocodasAntas,-22.532856,-42.299777,Site4,Ee5,323,12.04,CarolineMarquesDracxler,2011/2012
Euterpe,edulis,Euterpe edulis,Brazil,Rio de Janeiro,Atlantic Forest,ReBioPocodasAntas,-22.532856,-42.299777,Site4,Ee5,324,10.92,CarolineMarquesDracxler,2011/2012
Euterpe,edulis,Euterpe edulis,Brazil,Rio de Janeiro,Atlantic Forest,ReBioPocodasAntas,-22.532856,-42.299777,Site4,Ee5,325,12.43,CarolineMarquesDracxler,2011/2012
Euterpe,edulis,Euterpe edulis,Brazil,Rio de Janeiro,Atlantic Forest,ReBioPocodasAntas,-22.532856,-42.299777,Site4,Ee5,326,12.31,CarolineMarquesDracxler,2011/2012
Euterpe,edulis,Euterpe edulis,Brazil,Rio de Janeiro,Atlantic Forest,ReBioPocodasAntas,-22.532856,-42.299777,Site4,Ee5,327,11.76,CarolineMarquesDracxler,2011/2012
Euterpe,edulis,Euterpe edulis,Brazil,Rio de Janeiro,Atlantic Forest,ReBioPocodasAntas,-22.532856,-42.299777,Site4,Ee5,328,10.96,CarolineMarquesDracxler,2011/2012
Euterpe,edulis,Euterpe edulis,Brazil,Rio de Janeiro,Atlantic Forest,ReBioPocodasAntas,-22.532856,-42.299777,Site4,Ee5,329,10.55,CarolineMarquesDracxler,2011/2012
Euterpe,edulis,Euterpe edulis,Brazil,Rio de Janeiro,Atlantic Forest,ReBioPocodasAntas,-22.532856,-42.299777,Site4,Ee5,330,10.89,CarolineMarquesDracxler,2011/2012
Euterpe,edulis,Euterpe edulis,Brazil,Rio de Janeiro,Atlantic Forest,ReBioPocodasAntas,-22.532856,-42.299777,Site4,Ee5,331,11.53,CarolineMarquesDracxler,2011/2012
Euterpe,edulis,Euterpe edulis,Brazil,Rio de Janeiro,Atlantic Forest,ReBioPocodasAntas,-22.532856,-42.299777,Site4,Ee5,332,12.28,CarolineMarquesDracxler,2011/2012
Euterpe,edulis,Euterpe edulis,Brazil,Rio de Janeiro,Atlantic Forest,ReBioPocodasAntas,-22.532856,-42.299777,Site4,Ee5,333,12.33,CarolineMarquesDracxler,2011/2012
Euterpe,edulis,Euterpe edulis,Brazil,Rio de Janeiro,Atlantic Forest,ReBioPocodasAntas,-22.532856,-42.299777,Site4,Ee5,334,10.46,CarolineMarquesDracxler,2011/2012
Euterpe,edulis,Euterpe edulis,Brazil,Rio de Janeiro,Atlantic Forest,ReBioPocodasAntas,-22.532856,-42.299777,Site4,Ee5,335,11.3,CarolineMarquesDracxler,2011/2012
Euterpe,edulis,Euterpe edulis,Brazil,Rio de Janeiro,Atlantic Forest,ReBioPocodasAntas,-22.532856,-42.299777,Site4,Ee5,336,10.9,CarolineMarquesDracxler,2011/2012
Euterpe,edulis,Euterpe edulis,Brazil,Rio de Janeiro,Atlantic Forest,ReBioPocodasAntas,-22.532856,-42.299777,Site4,Ee5,337,11.21,CarolineMarquesDracxler,2011/2012
Euterpe,edulis,Euterpe edulis,Brazil,Rio de Janeiro,Atlantic Forest,ReBioPocodasAntas,-22.532856,-42.299777,Site4,Ee5,338,11.5,CarolineMarquesDracxler,2011/2012
Euterpe,edulis,Euterpe edulis,Brazil,Rio de Janeiro,Atlantic Forest,ReBioPocodasAntas,-22.532856,-42.299777,Site4,Ee5,339,10.31,CarolineMarquesDracxler,2011/2012
Euterpe,edulis,Euterpe edulis,Brazil,Rio de Janeiro,Atlantic Forest,ReBioPocodasAntas,-22.532856,-42.299777,Site4,Ee5,340,11.03,CarolineMarquesDracxler,2011/2012
Euterpe,edulis,Euterpe edulis,Brazil,Rio de Janeiro,Atlantic Forest,ReBioPocodasAntas,-22.532856,-42.299777,Site4,Ee5,341,11.45,CarolineMarquesDracxler,2011/2012
Euterpe,edulis,Euterpe edulis,Brazil,Rio de Janeiro,Atlantic Forest,ReBioPocodasAntas,-22.532856,-42.299777,Site4,Ee5,342,12.44,CarolineMarquesDracxler,2011/2012
Euterpe,edulis,Euterpe edulis,Brazil,Rio de Janeiro,Atlantic Forest,ReBioPocodasAntas,-22.532856,-42.299777,Site4,Ee5,343,11.55,CarolineMarquesDracxler,2011/2012
Euterpe,edulis,Euterpe edulis,Brazil,Rio de Janeiro,Atlantic Forest,ReBioPocodasAntas,-22.532856,-42.299777,Site4,Ee5,344,9.62,CarolineMarquesDracxler,2011/2012
Euterpe,edulis,Euterpe edulis,Brazil,Rio de Janeiro,Atlantic Forest,ReBioPocodasAntas,-22.532856,-42.299777,Site4,Ee5,345,11.55,CarolineMarquesDracxler,2011/2012
Euterpe,edulis,Euterpe edulis,Brazil,Rio de Janeiro,Atlantic Forest,ReBioPocodasAntas,-22.532856,-42.299777,Site4,Ee5,346,11.82,CarolineMarquesDracxler,2011/2012
Euterpe,edulis,Euterpe edulis,Brazil,Rio de Janeiro,Atlantic Forest,ReBioPocodasAntas,-22.532856,-42.299777,Site4,Ee5,347,8.52,CarolineMarquesDracxler,2011/2012
Euterpe,edulis,Euterpe edulis,Brazil,Rio de Janeiro,Atlantic Forest,ReBioPocodasAntas,-22.532856,-42.299777,Site4,Ee5,348,10.01,CarolineMarquesDracxler,2011/2012
Euterpe,edulis,Euterpe edulis,Brazil,Rio de Janeiro,Atlantic Forest,ReBioPocodasAntas,-22.532856,-42.299777,Site4,Ee5,349,10.86,CarolineMarquesDracxler,2011/2012
Euterpe,edulis,Euterpe edulis,Brazil,Rio de Janeiro,Atlantic Forest,ReBioPocodasAntas,-22.532856,-42.299777,Site4,Ee5,350,11.58,CarolineMarquesDracxler,2011/2012
Euterpe,edulis,Euterpe edulis,Brazil,Rio de Janeiro,Atlantic Forest,ReBioPocodasAntas,-22.532856,-42.299777,Site4,Ee5,351,12.48,CarolineMarquesDracxler,2011/2012
Euterpe,edulis,Euterpe edulis,Brazil,Rio de Janeiro,Atlantic Forest,ReBioPocodasAntas,-22.532856,-42.299777,Site4,Ee5,352,11.87,CarolineMarquesDracxler,2011/2012
Euterpe,edulis,Euterpe edulis,Brazil,Rio de Janeiro,Atlantic Forest,ReBioPocodasAntas,-22.532856,-42.299777,Site4,Ee5,353,12.31,CarolineMarquesDracxler,2011/2012
Euterpe,edulis,Euterpe edulis,Brazil,Rio de Janeiro,Atlantic Forest,ReBioPocodasAntas,-22.532856,-42.299777,Site4,Ee5,354,11.14,CarolineMarquesDracxler,2011/2012
Euterpe,edulis,Euterpe edulis,Brazil,Rio de Janeiro,Atlantic Forest,ReBioPocodasAntas,-22.532856,-42.299777,Site4,Ee5,355,9.06,CarolineMarquesDracxler,2011/2012
Euterpe,edulis,Euterpe edulis,Brazil,Rio de Janeiro,Atlantic Forest,ReBioPocodasAntas,-22.532856,-42.299777,Site4,Ee5,356,11.8,CarolineMarquesDracxler,2011/2012
Euterpe,edulis,Euterpe edulis,Brazil,Rio de Janeiro,Atlantic Forest,ReBioPocodasAntas,-22.532856,-42.299777,Site4,Ee5,357,9.57,CarolineMarquesDracxler,2011/2012
Euterpe,edulis,Euterpe edulis,Brazil,Rio de Janeiro,Atlantic Forest,ReBioPocodasAntas,-22.532856,-42.299777,Site4,Ee5,358,12.02,CarolineMarquesDracxler,2011/2012
Euterpe,edulis,Euterpe edulis,Brazil,Rio de Janeiro,Atlantic Forest,ReBioPocodasAntas,-22.532856,-42.299777,Site4,Ee5,359,11.19,CarolineMarquesDracxler,2011/2012
Euterpe,edulis,Euterpe edulis,Brazil,Rio de Janeiro,Atlantic Forest,ReBioPocodasAntas,-22.532856,-42.299777,Site4,Ee5,360,11.08,CarolineMarquesDracxler,2011/2012
Euterpe,edulis,Euterpe edulis,Brazil,Rio de Janeiro,Atlantic Forest,ReBioPocodasAntas,-22.532856,-42.299777,Site4,Ee5,361,11.1,CarolineMarquesDracxler,2011/2012
Euterpe,edulis,Euterpe edulis,Brazil,Rio de Janeiro,Atlantic Forest,ReBioPocodasAntas,-22.532856,-42.299777,Site4,Ee5,362,12.35,CarolineMarquesDracxler,2011/2012
Euterpe,edulis,Euterpe edulis,Brazil,Rio de Janeiro,Atlantic Forest,ReBioPocodasAntas,-22.532856,-42.299777,Site4,Ee5,363,10.97,CarolineMarquesDracxler,2011/2012
Euterpe,edulis,Euterpe edulis,Brazil,Rio de Janeiro,Atlantic Forest,ReBioPocodasAntas,-22.532856,-42.299777,Site4,Ee5,364,9.57,CarolineMarquesDracxler,2011/2012
Euterpe,edulis,Euterpe edulis,Brazil,Rio de Janeiro,Atlantic Forest,ReBioPocodasAntas,-22.532856,-42.299777,Site4,Ee5,365,12.47,CarolineMarquesDracxler,2011/2012
Euterpe,edulis,Euterpe edulis,Brazil,Rio de Janeiro,Atlantic Forest,ReBioPocodasAntas,-22.532856,-42.299777,Site4,Ee5,366,11.24,CarolineMarquesDracxler,2011/2012
Euterpe,edulis,Euterpe edulis,Brazil,Rio de Janeiro,Atlantic Forest,ReBioPocodasAntas,-22.532856,-42.299777,Site4,Ee5,367,12.17,CarolineMarquesDracxler,2011/2012
Euterpe,edulis,Euterpe edulis,Brazil,Rio de Janeiro,Atlantic Forest,ReBioPocodasAntas,-22.532856,-42.299777,Site4,Ee5,368,12.05,CarolineMarquesDracxler,2011/2012
Euterpe,edulis,Euterpe edulis,Brazil,Rio de Janeiro,Atlantic Forest,ReBioPocodasAntas,-22.532856,-42.299777,Site4,Ee5,369,11.13,CarolineMarquesDracxler,2011/2012
Euterpe,edulis,Euterpe edulis,Brazil,Rio de Janeiro,Atlantic Forest,ReBioPocodasAntas,-22.532856,-42.299777,Site4,Ee5,370,11.54,CarolineMarquesDracxler,2011/2012
Euterpe,edulis,Euterpe edulis,Brazil,Rio de Janeiro,Atlantic Forest,ReBioPocodasAntas,-22.532856,-42.299777,Site4,Ee5,371,10.81,CarolineMarquesDracxler,2011/2012
Euterpe,edulis,Euterpe edulis,Brazil,Rio de Janeiro,Atlantic Forest,ReBioPocodasAntas,-22.532856,-42.299777,Site4,Ee5,372,10.71,CarolineMarquesDracxler,2011/2012
Euterpe,edulis,Euterpe edulis,Brazil,Rio de Janeiro,Atlantic Forest,ReBioPocodasAntas,-22.532856,-42.299777,Site4,Ee5,373,11.45,CarolineMarquesDracxler,2011/2012
Euterpe,edulis,Euterpe edulis,Brazil,Rio de Janeiro,Atlantic Forest,ReBioPocodasAntas,-22.532856,-42.299777,Site4,Ee5,374,12.1,CarolineMarquesDracxler,2011/2012
Euterpe,edulis,Euterpe edulis,Brazil,Rio de Janeiro,Atlantic Forest,ReBioPocodasAntas,-22.532856,-42.299777,Site4,Ee5,375,10.96,CarolineMarquesDracxler,2011/2012
Euterpe,edulis,Euterpe edulis,Brazil,Rio de Janeiro,Atlantic Forest,ReBioPocodasAntas,-22.532856,-42.299777,Site4,Ee5,376,8.91,CarolineMarquesDracxler,2011/2012
Euterpe,edulis,Euterpe edulis,Brazil,Rio de Janeiro,Atlantic Forest,ReBioPocodasAntas,-22.532856,-42.299777,Site4,Ee5,377,11.11,CarolineMarquesDracxler,2011/2012
Euterpe,edulis,Euterpe edulis,Brazil,Rio de Janeiro,Atlantic Forest,ReBioPocodasAntas,-22.532856,-42.299777,Site4,Ee5,378,9.99,CarolineMarquesDracxler,2011/2012
Euterpe,edulis,Euterpe edulis,Brazil,Rio de Janeiro,Atlantic Forest,ReBioPocodasAntas,-22.532856,-42.299777,Site4,Ee5,379,9.17,CarolineMarquesDracxler,2011/2012
Euterpe,edulis,Euterpe edulis,Brazil,Rio de Janeiro,Atlantic Forest,ReBioPocodasAntas,-22.532856,-42.299777,Site4,Ee5,380,10.55,CarolineMarquesDracxler,2011/2012
Euterpe,edulis,Euterpe edulis,Brazil,Rio de Janeiro,Atlantic Forest,ReBioPocodasAntas,-22.532856,-42.299777,Site4,Ee5,381,10.69,CarolineMarquesDracxler,2011/2012
Euterpe,edulis,Euterpe edulis,Brazil,Rio de Janeiro,Atlantic Forest,ReBioPocodasAntas,-22.532856,-42.299777,Site4,Ee5,382,10.32,CarolineMarquesDracxler,2011/2012
Euterpe,edulis,Euterpe edulis,Brazil,Rio de Janeiro,Atlantic Forest,ReBioPocodasAntas,-22.532856,-42.299777,Site4,Ee5,383,10.52,CarolineMarquesDracxler,2011/2012
Euterpe,edulis,Euterpe edulis,Brazil,Rio de Janeiro,Atlantic Forest,ReBioPocodasAntas,-22.532856,-42.299777,Site4,Ee5,384,12.15,CarolineMarquesDracxler,2011/2012
Euterpe,edulis,Euterpe edulis,Brazil,Rio de Janeiro,Atlantic Forest,ReBioPocodasAntas,-22.532856,-42.299777,Site4,Ee5,385,10.59,CarolineMarquesDracxler,2011/2012
Euterpe,edulis,Euterpe edulis,Brazil,Rio de Janeiro,Atlantic Forest,ReBioPocodasAntas,-22.532856,-42.299777,Site4,Ee5,386,8.88,CarolineMarquesDracxler,2011/2012
Euterpe,edulis,Euterpe edulis,Brazil,Rio de Janeiro,Atlantic Forest,ReBioPocodasAntas,-22.532856,-42.299777,Site4,Ee5,387,10.43,CarolineMarquesDracxler,2011/2012
Euterpe,edulis,Euterpe edulis,Brazil,Rio de Janeiro,Atlantic Forest,ReBioPocodasAntas,-22.532856,-42.299777,Site4,Ee5,388,9.82,CarolineMarquesDracxler,2011/2012
Euterpe,edulis,Euterpe edulis,Brazil,Rio de Janeiro,Atlantic Forest,ReBioPocodasAntas,-22.532856,-42.299777,Site4,Ee5,389,10.21,CarolineMarquesDracxler,2011/2012
Euterpe,edulis,Euterpe edulis,Brazil,Rio de Janeiro,Atlantic Forest,ReBioPocodasAntas,-22.532856,-42.299777,Site4,Ee5,390,11.06,CarolineMarquesDracxler,2011/2012
Euterpe,edulis,Euterpe edulis,Brazil,Rio de Janeiro,Atlantic Forest,ReBioPocodasAntas,-22.532856,-42.299777,Site4,Ee5,391,10.17,CarolineMarquesDracxler,2011/2012
Euterpe,edulis,Euterpe edulis,Brazil,Rio de Janeiro,Atlantic Forest,ReBioPocodasAntas,-22.532856,-42.299777,Site4,Ee5,392,10.29,CarolineMarquesDracxler,2011/2012
Euterpe,edulis,Euterpe edulis,Brazil,Rio de Janeiro,Atlantic Forest,ReBioPocodasAntas,-22.532856,-42.299777,Site4,Ee5,393,13.25,CarolineMarquesDracxler,2011/2012
Euterpe,edulis,Euterpe edulis,Brazil,Rio de Janeiro,Atlantic Forest,ReBioPocodasAntas,-22.532856,-42.299777,Site4,Ee5,394,11.05,CarolineMarquesDracxler,2011/2012
Euterpe,edulis,Euterpe edulis,Brazil,Rio de Janeiro,Atlantic Forest,ReBioPocodasAntas,-22.532856,-42.299777,Site4,Ee5,395,10.47,CarolineMarquesDracxler,2011/2012
Euterpe,edulis,Euterpe edulis,Brazil,Rio de Janeiro,Atlantic Forest,ReBioPocodasAntas,-22.532856,-42.299777,Site4,Ee5,396,11.49,CarolineMarquesDracxler,2011/2012
Euterpe,edulis,Euterpe edulis,Brazil,Rio de Janeiro,Atlantic Forest,ReBioPocodasAntas,-22.532856,-42.299777,Site4,Ee5,397,10.75,CarolineMarquesDracxler,2011/2012
Euterpe,edulis,Euterpe edulis,Brazil,Rio de Janeiro,Atlantic Forest,ReBioPocodasAntas,-22.532856,-42.299777,Site4,Ee5,398,9.84,CarolineMarquesDracxler,2011/2012
Euterpe,edulis,Euterpe edulis,Brazil,Rio de Janeiro,Atlantic Forest,ReBioPocodasAntas,-22.532856,-42.299777,Site4,Ee5,399,9.86,CarolineMarquesDracxler,2011/2012
Euterpe,edulis,Euterpe edulis,Brazil,Rio de Janeiro,Atlantic Forest,ReBioPocodasAntas,-22.532856,-42.299777,Site4,Ee5,400,11.53,CarolineMarquesDracxler,2011/2012
Euterpe,edulis,Euterpe edulis,Brazil,Rio de Janeiro,Atlantic Forest,ReBioPocodasAntas,-22.532856,-42.299777,Site4,Ee5,401,9.4,CarolineMarquesDracxler,2011/2012
Euterpe,edulis,Euterpe edulis,Brazil,Rio de Janeiro,Atlantic Forest,ReBioPocodasAntas,-22.532856,-42.299777,Site4,Ee5,402,10.23,CarolineMarquesDracxler,2011/2012
Euterpe,edulis,Euterpe edulis,Brazil,Rio de Janeiro,Atlantic Forest,ReBioPocodasAntas,-22.532856,-42.299777,Site4,Ee5,403,10.03,CarolineMarquesDracxler,2011/2012
Euterpe,edulis,Euterpe edulis,Brazil,Rio de Janeiro,Atlantic Forest,ReBioPocodasAntas,-22.532856,-42.299777,Site4,Ee5,404,11.74,CarolineMarquesDracxler,2011/2012
Euterpe,edulis,Euterpe edulis,Brazil,Rio de Janeiro,Atlantic Forest,ReBioPocodasAntas,-22.532856,-42.299777,Site4,Ee5,405,10.23,CarolineMarquesDracxler,2011/2012
Euterpe,edulis,Euterpe edulis,Brazil,Rio de Janeiro,Atlantic Forest,ReBioPocodasAntas,-22.532856,-42.299777,Site4,Ee5,406,7.38,CarolineMarquesDracxler,2011/2012
Euterpe,edulis,Euterpe edulis,Brazil,Rio de Janeiro,Atlantic Forest,ReBioPocodasAntas,-22.532856,-42.299777,Site4,Ee5,407,6.94,CarolineMarquesDracxler,2011/2012
Euterpe,edulis,Euterpe edulis,Brazil,Rio de Janeiro,Atlantic Forest,ReBioPocodasAntas,-22.532856,-42.299777,Site4,Ee5,408,9.38,CarolineMarquesDracxler,2011/2012
