Herbariu,Genus,Species,Collecto,Number,Country,Latitude,Longitud,Elevatio,Stemheig,Stemdiam,Stemclus,Stemclus,Pinclust,Pinnaecl,Lenmidpi,Widmidpi,Lfratio,Anglepin,Noveins,Inflobra,Nobracts,Lenpedun,Lenrachi,Widrachi,Ratiorac,Norachil,Lenbasra,Lenmidra,Lenapira,Nostamfl,Nostamen,Lenfruit,Widfruit,Ratiofru,Endosper,Norumina,Deprumin,Orders,Numracllae
mo,Synechanthus,fibrosus,Allen,15169,Belize,16.3,89.03,1098,2.9,,,,clu,2,0.32,0.024,0.075,45,5,,,,,,,25,,,,6,,,,,,,,,
mo,Synechanthus,fibrosus,Allen,15282,Belize,16.3,89.03,1098,,,,,clu,2,0.31,0.026,0.083870968,48,5,2,,,0.157,2.2,14.01273885,57,0.211,0.157,0.104,7,6,0.0098,0.0074,0.755102041,hom,6,0.3,1,4
ny,Synechanthus,fibrosus,Balick,2695,Belize,16.45,88.35,400,,,,,clu,2,0.4,0.024,0.06,34,6,2,,,0.184,2.1,11.41304348,61,0.231,0.205,0.09,6,,,,,,,,1,4
mo,Synechanthus,fibrosus,Boutin,5162,Belize,16.17,88.58,,1,0.025,clu,2,clu,2,0.349,0.025,0.071633238,58,5,2,7,0.683,0.215,3,13.95348837,75,0.2,0.184,0.102,6,,,,,,,,,
mo,Synechanthus,fibrosus,Boutin,5163,Belize,16.17,88.58,,,,,,clu,2,0.293,0.029,0.098976109,52,5,2,,,0.203,3.6,17.73399015,55,0.328,0.208,0.155,7,,,,,,,,1,5
mo,Synechanthus,fibrosus,Brant,2801,Honduras,15.39,87.16,150,,,sol,1,clu,2,0.394,0.029,0.073604061,32,5,2,8,0.67,0.178,2.3,12.92134831,45,0.193,0.163,0.12,6,6,,,,,,,1,2
bh,Synechanthus,fibrosus,Chazdon,108,Costa Rica,10.22,84.03,250,,0.03,sol,1,clu,2,0.245,0.04,0.163265306,45,5,2,,,0.158,3.2,20.25316456,32,0.193,0.157,0.104,6,,,,,,,,1,3
bh,Synechanthus,fibrosus,Chazdon,117,Costa Rica,10.22,84.03,300,,,,,clu,2,0.273,0.043,0.157509158,48,5,2,,,0.237,3.6,15.18987342,115,0.235,0.225,0.097,5,6,,,,,,,1,9
bh,Synechanthus,fibrosus,Chazdon,238,Costa Rica,10.22,84.03,550,,,,,clu,2,0.347,0.056,0.161383285,57,7,2,,,0.08,1.6,20,21,0.145,0.12,0.095,6,,,,,,,,1,2
mo,Synechanthus,fibrosus,Croat,24527,Belize,17.03,88.33,100,,,,,clu,2,0.265,0.022,0.083018868,32,3,2,,,0.203,2,9.852216749,76,0.178,0.201,0.094,6,6,0.0159,0.012,0.754716981,rum,10,0.6,1,6
mo,Synechanthus,fibrosus,Croat,24556,Belize,17.1,88.45,70,,,,,clu,2,0.396,0.035,0.088383838,33,3,2,,,0.189,3,15.87301587,59,0.336,0.203,0.192,6,6,,,,,,,1,5
mo,Synechanthus,fibrosus,Croat,43264,Costa Rica,,,15,,,,,clu,2,,,,,,2,8,0.357,0.168,2.5,14.88095238,,,0.288,,6,,0.012,0.0064,0.533333333,rum,6,0.5,1,6
mo,Synechanthus,fibrosus,Davidse,32197,Belize,16.32,88.45,250,,,clu,2,clu,2,0.447,0.034,0.07606264,36,5,2,,0.714,0.148,3.1,20.94594595,43,0.255,0.23,0.16,7,,0.0161,0.0113,0.701863354,,7,1.1,1,4
mo,Synechanthus,fibrosus,Davidse,35671,Belize,16.29,88.54,250,,,sol,1,clu,2,0.352,0.029,0.082386364,51,5,2,,,0.209,2.3,11.00478469,,0.29,0.282,0.182,6,6,0.0145,0.0097,0.668965517,rum,9,1,1,5
mo,Synechanthus,fibrosus,Davidse,35972,Belize,16.3,88.54,280,,,sol,1,clu,2,0.489,0.026,0.053169734,33,5,2,,,0.258,4.1,15.89147287,,0.413,0.28,0.2,7,,,,,,,,1,6
mo,Synechanthus,fibrosus,de Nevers,7819,Costa Rica,10.27,84.05,125,,,sol,1,clu,2,0.328,0.047,0.143292683,45,5,2,7,0.648,0.125,2.5,20,40,0.17,0.138,0.08,5,,,,,,,,1,2
mo,Synechanthus,fibrosus,Dwyer,11309,Belize,17.33,88.17,,,,,,clu,2,0.39,0.028,0.071794872,28,5,2,,,0.197,3.5,17.76649746,61,0.228,0.196,0.087,10,,0.0168,0.0127,0.755952381,rum,6,1,1,5
mo,Synechanthus,fibrosus,Evans,1059,Honduras,15.42,86.5,260,,,sol,1,clu,2,0.335,0.037,0.110447761,38,5,2,,,0.152,1.8,11.84210526,44,0.185,0.185,0.14,6,,0.0162,0.0119,0.734567901,rum,9,1.9,1,3
mo,Synechanthus,fibrosus,Evans,1614,Honduras,15.42,86.5,360,1.75,,sol,1,clu,2,0.232,0.021,0.090517241,27,5,2,7,0.38,0.136,1.7,12.5,40,0.151,0.11,0.044,6,6,,,,,,,1,1
mo,Synechanthus,fibrosus,Evans,2310,Honduras,15.29,87.26,415,2.2,0.025,sol,1,clu,2,0.33,0.031,0.093939394,34,3,2,7,0.542,0.12,2.2,18.33333333,43,0.252,0.216,0.142,7,6,0.0172,0.013,0.755813953,rum,8,1.8,1,4
mo,Synechanthus,fibrosus,Gentle,6474,Belize,16.17,88.58,,,,,,clu,2,,,,,,2,6,0.531,0.179,2.4,13.40782123,45,0.222,0.17,0.108,6,3,,,,,,,1,4
mo,Synechanthus,fibrosus,Gentle,8196,Belize,17,88.3,,,,,,clu,2,0.393,0.022,0.055979644,24,5,2,,,0.121,2.8,23.14049587,30,0.27,0.158,0.108,6,6,,,,,,,1,4
mo,Synechanthus,fibrosus,Gentle,8263,Belize,17,88.3,,,,,,clu,2,0.446,0.031,0.069506726,25,5,2,,,0.131,2.8,21.3740458,31,0.157,0.135,,6,,,,,,,,1,5
bh,Synechanthus,fibrosus,Gomez,20455,Costa Rica,,,175,3,,clu,2,clu,2,0.3,0.036,0.12,44,5,2,,,0.085,2.6,30.58823529,35,0.145,0.128,0.084,5,,,,,,,,1,4
mo,Synechanthus,fibrosus,Grayum,5326,Costa Rica,10.27,84.04,90,2.5,,sol,1,clu,2,0.387,0.039,0.100775194,46,6,2,,,0.147,2.1,14.28571429,67,0.192,0.182,0.184,5,,0.015,0.0062,0.413333333,hom,8,0.3,1,5
mo,Synechanthus,fibrosus,Grayum,8919,Costa Rica,10,83.24,330,1.5,,sol,1,clu,2,0.285,0.04,0.140350877,60,4,2,7,1.209,0.27,3.5,12.96296296,76,0.365,0.25,0.132,7,6,0.013,0.0063,0.484615385,hom,9,0.3,1,3
mo,Synechanthus,fibrosus,Hammel,12471,Costa Rica,10.25,84.05,,,,,,clu,2,0.376,0.041,0.109042553,49,5,2,,,0.111,2.8,25.22522523,,0.24,,,5,6,,,,,,,,
mo,Synechanthus,fibrosus,Hammel,12969,Costa Rica,10.26,84.01,100,,,sol,1,clu,2,0.238,0.041,0.172268908,51,5,2,,,0.147,3.1,21.08843537,49,0.165,0.134,0.082,5,,,,,,,,1,4
mo,Synechanthus,fibrosus,Hammel,17822,Costa Rica,10.23,84.03,200,,,,,clu,2,0.26,0.034,0.130769231,65,5,2,,,0.127,2.9,22.83464567,34,0.22,0.177,0.125,5,,,,,,,,1,3
mo,Synechanthus,fibrosus,Hammel,17830,Costa Rica,10.23,84.03,200,,,,,clu,2,0.26,0.037,0.142307692,54,7,2,,,0.14,2.1,15,36,0.188,0.175,,7,6,,,,,,,1,4
mo,Synechanthus,fibrosus,Harmon,2491,Guatemala,15.45,89.07,80,,,,,clu,2,0.35,0.033,0.094285714,42,3,2,,,0.106,2.6,24.52830189,24,0.178,0.145,0.108,5,,0.012,0.0075,0.625,hom,5,0.5,1,2
mo,Synechanthus,fibrosus,Hawkins,1362,Belize,16.22,89.07,700,,,,,clu,2,0.475,0.023,0.048421053,34,5,2,,,0.197,2.3,11.6751269,50,0.19,0.225,0.108,6,,0.0146,0.012,0.821917808,rum,11,1,1,4
mo,Synechanthus,fibrosus,Hawkins,1448,Belize,16.23,89.04,680,,,,,clu,2,0.357,0.023,0.06442577,53,5,2,,0.65,0.22,2.2,10,,0.31,0.25,0.185,6,,,,,,,,1,6
bh,Synechanthus,fibrosus,Henderson,58,Costa Rica,10.27,84.1,,2,0.02,sol,1,clu,2,0.354,0.031,0.087570621,58,5,2,,,0.134,2.4,17.91044776,40,0.165,0.155,0.094,5,,0.0151,0.0071,0.470198675,rum,5,0.3,1,4
mo,Synechanthus,fibrosus,Holst,3893,Belize,16.23,89.09,750,,,sol,1,clu,2,0.455,0.029,0.063736264,39,5,2,,,0.236,3.7,15.6779661,45,0.248,0.222,0.122,7,6,0.016,0.0113,0.70625,rum,10,0.8,1,5
mo,Synechanthus,fibrosus,Macdougal,3401,Honduras,15.41,87.28,520,,,,,clu,2,0.297,0.029,0.097643098,45,5,2,,,0.16,2.6,16.25,40,0.159,0.195,0.13,5,,,,,,,,,
mo,Synechanthus,fibrosus,Meave,1053,Belize,17,89,410,,,,,clu,2,0.362,0.027,0.074585635,32,3,2,7,0.364,0.093,2.7,29.03225806,49,0.112,0.081,,5,6,0.0171,0.0112,0.65497076,rum,9,0.5,1,4
f,Synechanthus,fibrosus,Nee,29953,Mexico,17.14,94.33,100,0.5,,clu,2,clu,2,0.472,0.034,0.072033898,42,6,2,,,0.257,3.2,12.45136187,35,0.283,0.222,0.16,10,6,,,,,,,1,2
mo,Synechanthus,fibrosus,Robles,1990,Costa Rica,10.24,83.33,100,,,sol,1,clu,2,0.343,0.04,0.116618076,42,6,2,,,0.177,2.9,16.38418079,63,0.194,0.185,0.101,5,,,,,,,,1,5
mo,Synechanthus,fibrosus,Sandino,165,Nicaragua,13.35,85.39,930,,,,,clu,2,0.387,0.028,0.072351421,27,5,2,,,0.2,3.4,17,36,0.247,,0.104,4,,0.019,0.0094,0.494736842,rum,9,0.5,1,2
mo,Synechanthus,fibrosus,Schipp,300,Belize,,,63,,,,,clu,2,,,,,,2,,,0.126,3.2,25.3968254,52,0.228,0.2,0.137,5,,,,,,,,1,4
mo,Synechanthus,fibrosus,Stevens,24517,Costa Rica,10.41,83.38,90,1,,,,clu,2,0.275,0.036,0.130909091,57,3,2,7,0.925,0.153,3.3,21.56862745,44,0.22,0.172,0.11,6,,0.0152,0.0086,0.565789474,hom,9,0.3,1,4
mo,Synechanthus,fibrosus,Stevens,25448,Guatemala,15.12,90.11,1555,,,,,clu,2,,,,35,,2,,0.797,,,,,,,0.275,6,,,,,,,,1,6
mo,Synechanthus,fibrosus,Tenorio,14523,Guatemala,15.33,89.24,450,,,,,clu,2,0.33,0.023,0.06969697,37,3,2,6,,,,,,,0.232,0.134,,6,,,,,,,,
mo,Synechanthus,fibrosus,Wendt,4431,Mexico,17.1,94.42,250,0.3,,,,clu,2,0.373,0.028,0.075067024,44,5,2,,0.66,0.134,2.2,16.41791045,23,0.142,0.14,0.105,6,6,,,,,,,1,1
mo,Synechanthus,fibrosus,Yuncker,8554,Honduras,15.4,86.5,,,,,,clu,2,0.325,0.032,0.098461538,47,3,2,,,0.205,,,,0.25,0.197,0.144,6,,,,,,,,1,7
tex,Synechanthus,fibrosus,Contreras,4758,Guatemala,15.15,90.3,700,,,,,clu,2,0.495,0.048,0.096969697,29,5,2,8,0.815,0.2,3.8,19,48,0.289,0.223,0.156,6,,0.0139,0.0091,0.654676259,rum,9,0.4,1,5
tex,Synechanthus,fibrosus,Wendt,6703,Mexico,17.09,94.28,235,,,,,,2,0.41,0.026,0.063414634,37,5,2,,1,0.297,3.7,12.45791246,65,0.246,0.195,0.13,8,,0.0088,0.0089,1.011363636,rum,11,1.9,1,1
mich,Synechanthus,fibrosus,Gentle,2668,Belize,16.55,88.25,,,,,,clu,2,0.435,0.035,0.08045977,27,5,2,6,0.482,0.205,4.1,20,77,0.257,0.19,0.145,5,,0.0153,0.012,0.784313725,rum,8,0.8,1,8
mich,Synechanthus,fibrosus,Gentle,3137,Belize,,,,,,,,clu,2,0.462,0.027,0.058441558,22,5,2,,,0.185,2.1,11.35135135,57,0.13,0.15,0.067,6,,0.019,0.0094,0.494736842,rum,8,0.7,1,4
mich,Synechanthus,fibrosus,Gentle,4381,Belize,16.45,88.35,,,0.065,,,clu,2,0.35,0.024,0.068571429,24,3,2,5,0.612,0.22,3.3,15,65,0.232,0.21,0.122,6,,,,,,,,2,8
mich,Synechanthus,fibrosus,Gentle,4380,Belize,16.45,88.35,,,0.05,,,clu,2,0.525,0.032,0.060952381,30,5,2,6,0.525,0.101,2.4,23.76237624,39,0.174,0.135,0.116,6,,,,,,,,1,4
mich,Synechanthus,fibrosus,Gentle,2846,Belize,,,,,0.04,,,clu,2,0.303,0.024,0.079207921,33,5,2,7,0.625,0.254,3,11.81102362,83,0.255,0.215,0.128,5,3,,,,,,,2,7
mich,Synechanthus,fibrosus,Gentle,4272,Belize,16.45,88.35,,,,,,clu,2,0.385,0.034,0.088311688,32,5,2,7,0.627,0.195,4.2,21.53846154,30,,0.22,,6,,0.0136,0.0087,0.639705882,rum,7,0.5,,
mich,Synechanthus,fibrosus,Gentle,4271,Belize,16.45,88.35,,,,,,clu,2,0.4,0.028,0.07,34,5,2,6,0.525,0.207,3.7,17.87439614,44,0.213,0.221,0.125,6,3,0.0173,0.0089,0.514450867,rum,5,0.9,1,4
ny,Synechanthus,fibrosus,Jones,3357,Guatemala,15.25,89.12,300,,,,,clu,2,,,,,,2,,,0.18,3.6,20,73,0.22,0.2,,6,,,,,,,,1,5
f,Synechanthus,fibrosus,Cascante,658,Costa Rica,9.49,83.23,1200,0.1,,,,clu,2,0.305,0.038,0.124590164,58,5,2,,,0.17,2.7,15.88235294,28,0.29,0.26,0.18,5,,,,,,,,1,3
bh,Synechanthus,fibrosus,Moore,6696,Costa Rica,9.5,83.25,1100,,,sol,1,clu,2,0.29,0.037,0.127586207,35,5,2,6,0.68,0.21,3.7,17.61904762,46,0.27,0.245,0.13,5,,,,,,,,2,4
f,Synechanthus,fibrosus,Steyermark,39208,Guatemala,15.35,88.35,125,3,0.05,,,clu,2,0.325,0.034,0.104615385,40,5,2,6,0.593,0.105,2.6,24.76190476,45,0.22,0.195,0.125,7,,0.0158,0.0124,0.784810127,rum,9,1.2,1,4
f,Synechanthus,fibrosus,Steyermark,41599,Guatemala,15.4,88.5,,,,,,clu,2,0.484,0.031,0.064049587,38,5,2,7,0.651,0.228,6,26.31578947,113,0.295,0.259,0.13,7,,,,,,,,1,7
f,Synechanthus,fibrosus,Forest Servi,612015,Belize,,,,,,,,clu,2,,,,,,,,,,,,,,,,,,,,,,,,,
f,Synechanthus,fibrosus,Steyermark,38834,Guatemala,15.25,88.55,,3,0.05,,,clu,2,0.412,0.036,0.087378641,41,5,2,,0.696,0.175,4.8,27.42857143,88,0.39,0.27,0.19,6,,,,,,,,1,7
f,Synechanthus,fibrosus,Jiminez,1890,Costa Rica,,,900,2,,clu,2,clu,2,0.2,0.05,0.25,47,7,2,,,0.163,2.8,17.17791411,42,0.16,0.203,0.12,6,,0.021,0.0093,0.442857143,rum,7,0.3,1,4
f,Synechanthus,fibrosus,Steyermark,44594,Guatemala,15.4,90.25,400,,,,,clu,2,0.36,0.034,0.094444444,72,5,2,7,0.955,0.3,5.1,17,69,0.37,0.28,,6,,,,,,,,1,5
f,Synechanthus,fibrosus,Poveda,1154,Costa Rica,9.38,82.5,,,,,,clu,2,0.31,0.045,0.14516129,35,5,,,,,,,,,,,,,,,,,,,,
f,Synechanthus,fibrosus,Hagen,1025,Honduras,15.1,87.35,1249,,,,,,2,,0.017,,44,3,2,,,,,,,,,,,,0.0147,0.0102,0.693877551,,4,0.5,1,4
f,Synechanthus,fibrosus,Standley,72790,Guatemala,15.4,88.32,18,,,,,clu,2,0.35,0.026,0.074285714,40,5,2,6,0.502,0.147,3,20.40816327,26,0.275,0.27,0.213,5,,,,,,,,1,2
f,Synechanthus,fibrosus,Williams,41926,Guatemala,15.15,90.15,1600,,,,,clu,2,0.305,0.017,0.055737705,42,3,2,6,0.43,0.135,2.6,19.25925926,46,0.172,0.142,0.082,4,,,,,,,,1,4
f,Synechanthus,fibrosus,Williams,42091,Guatemala,15.3,90.25,1200,,,,,clu,2,0.42,0.04,0.095238095,52,5,2,,,0.155,3.3,21.29032258,37,0.24,0.216,0.112,7,,,,,,,,1,4
f,Synechanthus,fibrosus,Kellerman,7171,Guatemala,15.15,89.07,,,,,,clu,2,,,,,3,2,,,,,,,,,,,,,,,,,,,
f,Synechanthus,fibrosus,Standley,91641,Guatemala,,,900,,,,,clu,2,0.399,0.025,0.062656642,38,3,2,,,0.213,2.8,13.14553991,36,0.198,0.18,0.105,6,,0.0167,0.0099,0.592814371,,9,0.5,1,4
f,Synechanthus,fibrosus,Saunders,1070,Honduras,15.35,87.3,,,,,,clu,2,,0.03,,32,5,2,,,0.117,2.3,19.65811966,34,0.215,0.195,0.13,5,,0.0179,0.0112,0.625698324,,9,2.2,1,3
f,Synechanthus,fibrosus,Kinloch,54,Belize,,,3,,0.05,,,clu,2,,,,,,2,,,0.26,3.8,14.61538462,62,,0.32,0.145,7,,0.0141,0.0093,0.659574468,,8,0.5,1,6
f,Synechanthus,fibrosus,Burger,11010,Costa Rica,9.38,82.5,250,,,,,clu,2,0.357,0.063,0.176470588,45,7,2,,,0.211,3.8,18.00947867,38,0.344,0.212,0.198,8,,,,,,,,1,4
ny,Synechanthus,fibrosus,Johnson,1626,Guatemala,15.4,90.25,300,2,0.045,,,clu,2,0.33,,,30,3,2,,,0.1,1.5,15,21,0.18,0.17,0.135,4,,0.021,0.0108,0.514285714,,8,1,1,2
bh,Synechanthus,fibrosus,Hernandez,1287,Mexico,16.49,94.3,1125,,,,,clu,2,0.42,0.027,0.064285714,35,5,2,,,0.125,3.3,26.4,20,0.235,0.17,0.145,7,,0.0131,0.0126,0.961832061,,,,1,1
bh,Synechanthus,fibrosus,Turner,64,Belize,,,500,,,,,,2,,,,,,,,,,,,,,,,,,,,,,,,,
bh,Synechanthus,fibrosus,Smith,5,Belize,17.16,88.48,,,,,,clu,2,,,,,,,,,,,,,,,,,,,,,,,,,
bh,Synechanthus,fibrosus,Moore,8218,Guatemala,15.32,88.45,100,1.3,0.035,sol,1,clu,2,0.52,0.045,0.086538462,41,5,2,,,0.25,3,12,56,0.25,0.26,0.15,4,,,,,,,,2,3
us,Synechanthus,fibrosus,Cook,129,Guatemala,15.26,89.45,,,,,,clu,2,0.41,0.04,0.097560976,28,3,2,6,0.515,0.195,2.5,12.82051282,69,0.245,0.18,0.095,6,,,,,,,,2,6
us,Synechanthus,fibrosus,Saunders,1124,Honduras,15.43,84.5,500,,,,,clu,2,,,,,,2,,,0.155,3.1,20,,,,,,,0.015,0.011,0.733333333,,8,1,2,3
us,Synechanthus,fibrosus,Cook,11,Guatemala,15.26,89.45,,,,,,clu,2,0.27,0.028,0.103703704,28,3,2,6,0.455,0.2,3,15,35,0.225,0.17,0.075,4,,,,,,,,2,3
us,Synechanthus,fibrosus,Cook,38,Guatemala,15.2,89.45,,,,,,clu,2,0.295,0.025,0.084745763,30,3,2,6,0.46,0.23,3.6,15.65217391,55,0.25,0.18,0.13,6,,,,,,,,2,6
us,Synechanthus,fibrosus,Cook,2,Guatemala,15.24,89.45,900,,,,,clu,2,0.415,0.033,0.079518072,30,3,2,5,0.5,0.095,4.1,43.15789474,37,0.17,0.115,0.075,4,,,,,,,,2,4
us,Synechanthus,fibrosus,Ttonduz,11373,Costa Rica,9.51,83.35,650,,,,,clu,2,,,,,,2,,,,,,,,,,,,,,,,,,2,4
mexu,Synechanthus,fibrosus,Martinez,13483,Mexico,16.08,91.05,150,,,,,clu,2,0.345,0.046,0.133333333,56,5,2,7,0.45,0.16,2.6,16.25,38,,,,5,,0.0136,0.0106,0.779411765,,10,0.8,2,3
mexu,Synechanthus,fibrosus,Linares,773,Honduras,15.25,86.45,600,,,,,clu,2,,,,,,2,,,0.2,3.2,16,77,0.285,0.22,0.155,8,,,,,,,,2,8
mexu,Synechanthus,fibrosus,Tenorio,19277,Mexico,17.08,94.28,600,,,,,,2,0.335,0.022,0.065671642,65,5,2,,,0.25,2.7,10.8,28,0.23,0.2,0.115,8,,,,,,,,2,2
mexu,Synechanthus,fibrosus,Macdougal,,Mexico,16.1,96.5,,,,,,,2,,,,,,2,,,0.2,4.3,21.5,29,0.25,0.21,0.14,9,,,,,,,,2,2
mexu,Synechanthus,fibrosus,Trigos,3918,Mexico,18.23,95,,,,,,,2,0.31,0.019,0.061290323,33,5,2,,,0.13,2.8,21.53846154,20,0.2,0.185,0.15,9,,,,,,,,1,1
mexu,Synechanthus,fibrosus,Guadarrama,4015,Mexico,17.51,93.23,,,,,,,2,,,,,,2,,,0.255,3.1,12.15686275,60,0.185,0.17,0.09,9,,,,,,,,2,3
mexu,Synechanthus,fibrosus,Guadarrama,4118,Mexico,17.48,93.2,,0.5,,sol,1,,2,0.36,0.027,0.075,36,5,2,,,0.185,2.9,15.67567568,29,,,0.075,5,,,,,,,,2,2
mexu,Synechanthus,fibrosus,Torres,13899,Mexico,16.52,95.25,,,,,,,2,0.29,0.018,0.062068966,53,5,2,,,0.12,2,16.66666667,14,0.15,0.13,,9,,0.01,0.01,1,,,,1,1
mexu,Synechanthus,fibrosus,Davidse,36591,Belize,16.28,88.59,400,,,,,clu,2,0.3,0.025,0.083333333,43,5,2,,,0.15,1.8,12,38,0.22,0.19,0.15,7,,,,,,,,2,3
mexu,Synechanthus,fibrosus,Boutin,5161,Belize,16.17,88.58,,,,,,,2,,,,,,,,,0.15,2.9,19.33333333,56,0.22,0.22,0.135,6,,,,,,,,2,4
mexu,Synechanthus,fibrosus,Veliz,6627,Guatemala,15.5,88.45,650,,,,,,2,,,,,,,,,,3.6,,,,,,,,,,,,,,2,6
mexu,Synechanthus,fibrosus,Chavelas,2263,Mexico,,,,,,,,clu,2,0.335,0.022,0.065671642,55,5,2,,,0.17,3.5,20.58823529,31,,,,,,0.0118,0.0097,0.822033898,,,,2,3
mo,Synechanthus,warscewiczianus,Allen,2133,Panama,,,30,,,,,reg,1,,,,41,,1,7,0.559,0.236,4.1,17.37288136,59,0.346,0.234,0.16,7,,0.014,0.0062,0.442857143,rum,7,2,,
bh,Synechanthus,warscewiczianus,Anderson,17,Colombia,4,77,50,,0.03,sol,1,reg,1,0.416,0.023,0.055288462,41,5,1,7,0.363,0.13,4.3,33.07692308,37,0.21,,,9,,,,,,,,,
mo,Synechanthus,warscewiczianus,Antonio,3056,Panama,8.4,80.3,600,,,,,reg,1,,0.016,,50,3,1,8,0.38,0.172,2.4,13.95348837,68,0.155,0.175,0.185,5,3,,,,,,,,
mo,Synechanthus,warscewiczianus,Antonio,3397,Panama,9.17,79.35,800,,,,,reg,1,0.18,0.015,0.083333333,47,5,1,,,0.028,2.7,96.42857143,9,0.15,0.16,,9,,0.0135,0.0046,0.340740741,rum,7,2,,
mo,Synechanthus,warscewiczianus,Antonio,3457,Panama,8.32,81.05,1100,,,,,reg,1,0.296,0.024,0.081081081,54,5,1,,,0.065,4.3,66.15384615,35,,0.16,0.158,7,,0.0058,0.0085,1.465517241,rum,8,1.2,,
mo,Synechanthus,warscewiczianus,Antonio,3471,Panama,8.32,81.05,1033,,,,,reg,1,0.212,0.017,0.080188679,48,5,1,7,0.343,0.161,2.2,13.66459627,42,0.148,0.145,0.082,8,3,,,,,,,,
mo,Synechanthus,warscewiczianus,Antonio,4717,Panama,9.17,79.35,800,,,,,reg,1,0.273,0.021,0.076923077,40,7,1,,,0.03,2.7,90,9,0.197,0.18,0.163,8,3,,,,,,,,
mo,Synechanthus,warscewiczianus,Aulestia,1014,Ecuador,1.08,78.36,500,,,,,reg,1,0.518,,,40,,1,7,0.345,0.101,2.7,26.73267327,48,0.225,0.185,0.135,7,3,,,,,,,,
mo,Synechanthus,warscewiczianus,Aulestia,166,Ecuador,1.15,78.4,80,,,,,reg,1,0.513,0.027,0.052631579,52,5,1,8,0.36,0.145,4.2,28.96551724,42,0.26,,,9,,0.0152,0.007,0.460526316,rum,8,1.8,,
ny,Synechanthus,warscewiczianus,Balslev,62015,Ecuador,0.2,79.4,400,2.07,0.035,clu,2,reg,1,0.704,0.155,0.220170455,35,42,1,8,0.593,0.3,3.2,10.66666667,74,0.436,0.415,0.235,12,3,,,,,,,,
ny,Synechanthus,warscewiczianus,Balslev,62021,Ecuador,0.22,79.2,300,2.3,0.04,clu,2,reg,1,0.561,0.029,0.051693405,50,5,1,9,0.593,0.259,4.1,15.83011583,71,0.418,0.368,0.259,11,3,,,,,,,,
ny,Synechanthus,warscewiczianus,Barfod,60076,Ecuador,1.05,79,50,5,0.035,clu,2,reg,1,0.595,0.037,0.062184874,58,6,,,,,,,,,,,,,,,,,,,,
ny,Synechanthus,warscewiczianus,Barfod,60117,Ecuador,0.46,78.54,100,2.5,0.033,clu,2,reg,1,0.492,0.054,0.109756098,43,8,1,7,0.4,0.15,4.7,31.33333333,34,0.38,,0.22,,,,,,,,,,
ny,Synechanthus,warscewiczianus,Bergmann,62193,Ecuador,-0.19,78.5,610,1.8,0.028,clu,2,reg,1,0.602,0.062,0.102990033,34,15,1,7,0.66,0.26,,,92,,0.282,0.186,,,,,,,,,,
ny,Synechanthus,warscewiczianus,Bernal,1150,Colombia,7.46,76.1,200,2.8,0.03,clu,2,reg,1,0.276,0.046,0.166666667,38,10,1,,,,,,,,,,,3,,,,,,,,
ny,Synechanthus,warscewiczianus,Bernal,249,Colombia,6.45,76.25,950,4,0.03,clu,2,reg,1,,,,26,,1,7,0.496,0.188,4,21.27659574,101,0.192,0.223,0.083,6,3,,,,,,,,
ny,Synechanthus,warscewiczianus,Boom,2610,Ecuador,1.15,78.5,10,4,0.03,sol,1,reg,1,0.543,0.037,0.068139963,42,7,1,8,0.533,0.195,3.9,20,63,0.342,0.315,0.202,8,,,,,,,,,
mo,Synechanthus,warscewiczianus,Boyle,1284,Costa Rica,10.16,84.04,1000,2,0.029,sol,1,reg,1,0.389,0.019,0.048843188,52,5,1,7,0.408,0.114,1.7,14.9122807,40,0.181,0.168,0.074,8,,,,,,,,,
ny,Synechanthus,warscewiczianus,Burger,4250,Costa Rica,10.25,83.59,100,,,,,reg,1,,,,,,1,,,0.117,,,28,0.217,0.214,0.1,7,,,,,rum,,,,
ny,Synechanthus,warscewiczianus,Burger,5802,Costa Rica,10.26,84,100,,,,,reg,1,0.602,0.137,0.227574751,37,41,1,,,,2.6,,,,0.292,0.21,,,0.0163,0.0104,0.63803681,rum,10,2.2,,
mo,Synechanthus,warscewiczianus,Busey,277,Panama,9.2,79.2,,,,,,reg,1,0.266,0.016,0.060150376,39,5,1,6,0.544,0.051,2.5,49.01960784,13,0.153,0.12,0.106,6,,0.0099,0.0054,0.545454545,rum,7,1.9,,
mo,Synechanthus,warscewiczianus,Busey,278,Panama,9.12,79.23,,1.5,,,,reg,1,0.245,0.013,0.053061224,34,3,1,7,0.39,0.049,3.2,65.30612245,17,0.16,0.185,0.145,7,,0.0157,0.006,0.382165605,rum,8,1.4,,
mo,Synechanthus,warscewiczianus,Busey,656,Panama,8.46,82.53,1050,0.7,,,,reg,1,0.455,0.058,0.127472527,33,15,1,,,0.134,3,22.3880597,26,0.334,0.275,0.201,14,,,,,rum,,,,
ny,Synechanthus,warscewiczianus,Camp,3671,Ecuador,-2.1,79.1,333,,,,,reg,1,,,,38,,1,,,0.2,,,,0.39,0.295,0.165,9,,0.0147,0.0088,0.598639456,rum,8,2,,
mo,Synechanthus,warscewiczianus,Cardenas,1096,Colombia,7.2,76.5,250,4,,clu,2,reg,1,0.441,0.039,0.088435374,27,8,1,8,0.304,0.172,,,58,0.372,0.329,0.264,10,,0.0153,0.0091,0.594771242,rum,10,2,,
mo,Synechanthus,warscewiczianus,Cardenas,794,Colombia,7.35,76.55,300,4,,clu,2,reg,1,,,,,,1,7,0.41,0.105,3.3,31.42857143,37,0.238,0.21,0.14,7,,0.012,0.0061,0.508333333,rum,7,1.8,,
bh,Synechanthus,warscewiczianus,Chazdon,129,Costa Rica,10.18,84.05,900,2,0.03,clu,2,reg,1,0.425,0.022,0.051764706,50,5,1,,,0.176,2.8,15.90909091,40,0.294,0.21,0.167,8,,0.015,0.0086,0.573333333,rum,7,3,,
mo,Synechanthus,warscewiczianus,Churchill,3888,Panama,8.38,80.07,800,1.5,,,,reg,1,0.209,0.019,0.090909091,60,3,1,8,0.305,0.105,1.5,14.28571429,,0.116,0.09,0.053,7,,,,,,,,,
mo,Synechanthus,warscewiczianus,Churchill,4067,Panama,8.47,80.28,700,1.5,,,,reg,1,0.281,0.019,0.067615658,56,5,1,7,0.522,0.102,3.1,30.39215686,48,0.216,0.145,0.1,9,,,,,,,,,
mo,Synechanthus,warscewiczianus,Churchill,4116,Panama,8.47,80.28,200,2,,,,reg,1,0.336,0.02,0.05952381,48,3,1,8,0.596,0.228,3.7,16.22807018,71,0.265,0.245,0.102,6,,,,,,,,,
mo,Synechanthus,warscewiczianus,Churchill,4704,Panama,8.48,82.12,1000,3,,,,reg,1,0.354,0.013,0.036723164,29,3,1,8,,,3.5,,,,,,11,,,,,,,,,
mo,Synechanthus,warscewiczianus,Churchill,5803,Panama,8.45,82.13,1100,1.5,,,,reg,1,0.322,0.011,0.034161491,49,3,1,,0.364,0.217,2,9.216589862,,0.21,0.174,0.053,,,,,,,,,,
mo,Synechanthus,warscewiczianus,Clark,2750,Ecuador,0.2,79.28,200,,,,,reg,1,0.489,0.275,0.562372188,41,54,1,,,,3.4,,,0.356,0.394,,9,,0.0165,0.011,0.666666667,rum,9,3,,
ny,Synechanthus,warscewiczianus,Clark,670,Ecuador,0.21,79.44,500,,,,,reg,1,0.415,0.029,0.069879518,54,9,1,,,,,,,,,,,3,0.023,0.0091,0.395652174,rum,11,1.8,,
mo,Synechanthus,warscewiczianus,Cogollo,4075,Colombia,7,76.1,780,4,,sol,1,reg,1,0.696,0.064,0.091954023,19,19,1,,,,,,,,,,,,0.0147,0.0092,0.62585034,rum,8,3,,
pa,Synechanthus,warscewiczianus,Correa,10182,Panama,8.4,79.55,850,,,,,reg,1,0.187,0.015,0.080213904,45,3,1,7,0.3,0.003,1.7,566.6666667,3,0.122,,0.109,10,,0.013,0.0052,0.4,rum,9,0.5,,
pa,Synechanthus,warscewiczianus,Correa,10242,Panama,8.4,79.55,850,0.25,,,,reg,1,0.186,0.016,0.086021505,39,3,1,7,0.366,0.015,1.9,126.6666667,3,0.115,0.124,0.123,6,,0.0097,0.006,0.618556701,rum,11,0.7,,
pa,Synechanthus,warscewiczianus,Correa,10942,Panama,8.4,79.55,850,,,,,reg,1,0.153,0.007,0.045751634,42,3,1,6,0.228,0.003,1.4,466.6666667,2,0.091,,0.096,6,,0.0091,0.0058,0.637362637,rum,10,0.7,,
mo,Synechanthus,warscewiczianus,Correa,479,Panama,9,79.34,,,,,,reg,1,0.33,0.021,0.063636364,43,5,1,,,0.054,2.6,48.14814815,11,0.152,0.144,0.13,6,,,,,,,,,
pa,Synechanthus,warscewiczianus,Correa,8693,Panama,8.4,79.55,850,,,,,reg,1,0.197,0.02,0.101522843,46,3,1,,,0.003,1.7,566.6666667,2,0.134,,0.148,9,,,,,,,,,
mo,Synechanthus,warscewiczianus,Croat,11020,Panama,9.1,79.5,,,,,,reg,1,0.425,0.104,0.244705882,45,15,1,8,0.623,0.184,3.2,17.39130435,63,0.285,0.235,0.173,6,3,,,,,,,,
mo,Synechanthus,warscewiczianus,Croat,11063,Panama,9.1,79.5,,,,,,reg,1,0.437,0.07,0.160183066,35,16,,,,,,,,,,,,,,,,,,,,
mo,Synechanthus,warscewiczianus,Croat,13048,Panama,9.12,79.23,,,,,,reg,1,0.258,0.011,0.042635659,33,3,1,7,0.442,0.034,2,58.82352941,10,0.165,0.175,0.147,8,,0.0092,0.0043,0.467391304,rum,,,,
mo,Synechanthus,warscewiczianus,Croat,14277,Panama,8.35,80.1,800,,,,,reg,1,0.173,0.013,0.075144509,50,3,1,6,0.222,0.011,1.5,136.3636364,3,0.093,0.091,0.09,7,,0.0114,0.0064,0.561403509,,,,,
mo,Synechanthus,warscewiczianus,Croat,14734,Panama,8.4,79.55,,,,,,reg,1,0.275,0.041,0.149090909,47,8,1,7,0.342,0.023,2.7,117.3913043,4,0.114,0.124,0.124,8,,0.0123,0.0064,0.520325203,rum,9,0.7,,
mo,Synechanthus,warscewiczianus,Croat,1975,Panama,8.35,81.05,950,,,,,reg,1,,0.044,,45,5,1,,,0.153,4.5,29.41176471,42,0.215,0.21,0.169,7,,,,,,,,,
mo,Synechanthus,warscewiczianus,Croat,26015,Panama,9.19,78.55,,,,,,reg,1,0.325,0.045,0.138461538,40,14,1,,,0.134,3.7,27.6119403,63,0.145,0.214,0.118,6,3,,,,,,,,
mo,Synechanthus,warscewiczianus,Croat,33901,Panama,8.34,81.05,750,,,,,reg,1,0.25,0.026,0.104,40,11,1,,,0.164,3.6,21.95121951,42,0.333,0.251,0.203,11,,,,,,,,,
mo,Synechanthus,warscewiczianus,Croat,34307,Panama,9.35,79.44,380,,,,,reg,1,0.405,0.052,0.128395062,40,7,1,8,0.597,0.185,3.4,18.37837838,45,0.312,0.295,0.203,6,,0.013,0.0042,0.323076923,rum,7,1.8,,
mo,Synechanthus,warscewiczianus,Croat,44561,Panama,8.35,80.35,900,,,,,,1,,,,,,1,7,0.438,0.077,4,51.94805195,21,0.225,0.193,0.171,7,3,0.013,0.0099,0.761538462,rum,6,2.4,,
mo,Synechanthus,warscewiczianus,Croat,4645,Panama,9.05,79.5,100,,,,,reg,1,0.345,0.02,0.057971014,35,4,1,7,0.403,0.137,3.6,26.27737226,64,0.322,0.222,0.162,5,3,,,,,,,,
mo,Synechanthus,warscewiczianus,Croat,5988,Panama,9.2,79.5,30,,0.04,,,reg,1,,,,40,,1,9,0.41,0.193,4,20.7253886,69,0.424,0.233,0.165,5,3,,,,,,,,
mo,Synechanthus,warscewiczianus,Croat,59976,Panama,8.43,82.17,115,3,,,,reg,1,,,,39,,1,7,0.398,0.104,4.1,39.42307692,33,0.17,0.145,0.13,7,3,0.0152,0.009,0.592105263,rum,8,2,,
mo,Synechanthus,warscewiczianus,Croat,68807,Panama,8.38,80.36,,,,,,reg,1,,,,37,,1,,0.465,0.088,2.6,29.54545455,23,0.191,0.171,0.136,7,3,,,,,,,,
mo,Synechanthus,warscewiczianus,Croat,7010,Panama,9.1,79.53,,,,,,reg,1,0.474,0.063,0.132911392,45,12,1,8,0.581,0.224,3.4,15.17857143,,0.295,,0.18,7,,,,,,,,,
ny,Synechanthus,warscewiczianus,Croat,70366,Colombia,4.09,77.11,100,,0.025,,,reg,1,,,,,,1,7,0.238,0.045,,,17,0.13,0.115,0.1,7,,,,,,,,,
mo,Synechanthus,warscewiczianus,Darcy,16066,Panama,9.17,79.35,900,,,,,reg,1,0.19,0.022,0.115789474,33,6,1,6,0.407,0.035,3.9,111.4285714,14,0.156,0.147,0.121,5,,0.011,0.0056,0.509090909,rum,8,1.8,,
mo,Synechanthus,warscewiczianus,Davidse,10099,Panama,9.3,79.4,100,,,,,reg,1,,,,30,,1,9,0.527,0.192,3.4,17.70833333,66,,,,7,3,,,,,,,,
mo,Synechanthus,warscewiczianus,Davidse,23625,Panama,8.41,80.37,300,,,sol,1,reg,1,0.5,0.091,0.182,33,18,1,,,0.134,2.8,20.89552239,68,0.175,0.155,0.077,7,,0.0094,0.0048,0.510638298,rum,7,1.3,,
mo,Synechanthus,warscewiczianus,Davidse,23706,Panama,8.41,80.35,,,,sol,1,reg,1,0.364,0.019,0.052197802,47,3,1,8,0.525,0.177,2.4,13.55932203,97,0.165,0.148,0.093,7,,,,,,,,,
mo,Synechanthus,warscewiczianus,Davidse,31146,Costa Rica,10.39,83.4,55,3,,sol,1,reg,1,0.541,0.057,0.105360444,28,9,1,6,0.246,0.096,2.8,29.16666667,41,0.212,0.217,,11,3,,,,,,,,
mo,Synechanthus,warscewiczianus,de Nevers,3946,Panama,9.19,78.55,350,5,,sol,1,reg,1,0.291,0.043,0.147766323,43,8,1,7,0.435,0.22,3.8,17.27272727,58,0.301,0.23,,9,,,,,,,,,
mo,Synechanthus,warscewiczianus,de Nevers,3947,Panama,9.19,78.55,350,3,,sol,1,reg,1,0.295,0.025,0.084745763,51,5,1,9,0.452,0.141,5.7,40.42553191,63,0.282,0.256,0.183,7,,,,,,,,,
mo,Synechanthus,warscewiczianus,de Nevers,4019,Panama,9.17,79.17,800,,,,,reg,1,0.35,0.021,0.06,32,5,1,8,0.574,0.185,2.9,15.67567568,45,,0.298,,7,3,,,,,,,,
ny,Synechanthus,warscewiczianus,de Nevers,4418,Panama,9.19,78.55,350,5,,,,reg,1,0.361,0.029,0.08033241,48,5,1,8,0.56,0.232,4,17.24137931,54,0.291,0.316,0.237,6,3,,,,,,,,
mo,Synechanthus,warscewiczianus,de Nevers,5549,Panama,9.18,79.16,850,3,,,,reg,1,0.373,0.031,0.08310992,35,2,1,8,0.635,0.21,4.8,22.85714286,,0.32,0.308,0.22,9,,0.014,0.0055,0.392857143,rum,8,1.8,,
mo,Synechanthus,warscewiczianus,de Nevers,6231,Panama,9.18,79.16,700,3,,sol,1,reg,1,0.395,0.021,0.053164557,48,3,1,9,0.53,0.134,2.8,20.89552239,36,0.248,0.245,0.144,7,3,,,,,,,,
mo,Synechanthus,warscewiczianus,de Nevers,6332,Panama,8.37,80.06,900,2,,clu,2,reg,1,0.215,0.012,0.055813953,45,3,1,8,0.407,0.059,1.6,27.11864407,33,0.057,0.081,0.04,5,3,,,,,,,,
mo,Synechanthus,warscewiczianus,de Nevers,6394,Panama,8.38,80.39,700,3,,clu,2,reg,1,0.369,0.023,0.062330623,46,5,1,6,0.355,0.067,2.3,34.32835821,13,0.183,0.144,0.113,9,3,,,,,,,,
mo,Synechanthus,warscewiczianus,de Nevers,6412,Panama,9.22,79.31,225,2,,sol,1,reg,1,0.35,0.015,0.042857143,42,3,1,8,0.583,0.21,3.5,16.66666667,55,0.357,0.312,0.161,7,,,,,,,,,
mo,Synechanthus,warscewiczianus,de Nevers,6775,Panama,8.34,80.56,700,2.6,,clu,2,reg,1,0.33,0.029,0.087878788,41,8,1,9,0.448,0.184,3.3,17.93478261,38,,,0.175,7,,,,,,,,,
mo,Synechanthus,warscewiczianus,de Nevers,8271,Panama,8.01,77.44,185,,,,,reg,1,0.429,0.039,0.090909091,38,9,1,8,0.535,0.173,2.8,16.1849711,44,0.317,0.238,0.185,7,3,,,,,,,,
mo,Synechanthus,warscewiczianus,Dodge,10280,Costa Rica,8.35,83.22,5,,,,,reg,1,0.325,0.03,0.092307692,51,5,1,,,0.093,2.4,25.80645161,29,0.31,0.27,0.205,9,3,,,,,,,,
mo,Synechanthus,warscewiczianus,Dodson,14697,Ecuador,0.05,79.2,220,,0.03,clu,2,reg,1,0.518,0.084,0.162162162,40,7,1,,,0.185,4.1,22.16216216,46,0.375,0.255,0.212,9,3,,,,,,,,
mo,Synechanthus,warscewiczianus,Dodson,9756,Ecuador,-0.3,79.25,185,,0.03,clu,2,reg,1,,,,47,,1,,,0.195,,,,0.415,0.35,,6,3,,,,,,,,
mo,Synechanthus,warscewiczianus,Duke,5259,Panama,7.57,77.53,,,,,,reg,1,0.358,0.025,0.069832402,54,5,1,7,0.355,0.08,2.7,33.75,,0.287,0.223,0.239,9,,,,,,,,,
mo,Synechanthus,warscewiczianus,Duke,6548,Panama,7.58,77.45,533,3.3,0.025,,,reg,1,,0.025,,49,5,1,,,0.147,2.6,17.68707483,37,0.147,0.182,0.145,7,,0.0126,0.0063,0.5,rum,6,1.5,,
mo,Synechanthus,warscewiczianus,Duke,8024,Panama,9.14,79.25,,,,,,,1,,,,28,,1,7,0.447,0.044,3.5,79.54545455,11,,0.15,,8,,,,,,,,,
mo,Synechanthus,warscewiczianus,Dwyer,9397,Panama,9.2,79.45,,,0.025,,,reg,1,,,,,,1,7,0.363,0.125,,,59,,,,7,,,,,rum,,,,
mo,Synechanthus,warscewiczianus,Ebinger,207,Panama,9.1,79.52,30,,0.025,,,reg,1,,,,43,,1,,,,,,,,0.17,,,,0.0148,0.0048,0.324324324,rum,7,1.5,,
ny,Synechanthus,warscewiczianus,Ferreira,600,Panama,8.4,79.55,797,0.085,0.019,clu,2,reg,1,0.148,0.011,0.074324324,60,3,1,7,0.264,0.011,2,181.8181818,3,0.12,,0.095,9,,,,,,,,,
mo,Synechanthus,warscewiczianus,Folsom,1876,Panama,8.35,80.35,900,,,,,reg,1,0.292,0.011,0.037671233,36,5,1,,,0.258,3.7,14.34108527,106,0.185,0.15,0.06,7,,,,,,,,,
mo,Synechanthus,warscewiczianus,Folsom,2507,Panama,9.15,79.3,,,,,,reg,1,0.32,0.018,0.05625,25,5,1,,,0.095,4.7,49.47368421,25,0.235,0.227,0.17,7,,,,,rum,,,,
mo,Synechanthus,warscewiczianus,Folsom,3354,Panama,8.35,81.15,1200,,,,,reg,1,0.325,0.02,0.061538462,31,5,1,,,0.188,3.6,19.14893617,43,0.197,0.237,0.177,7,,,,,,,,,
mo,Synechanthus,warscewiczianus,Folsom,5502,Panama,8.45,82.17,1300,2.5,,,,reg,1,0.241,0.014,0.058091286,47,3,1,,,0.133,2.3,17.29323308,74,0.192,0.189,0.103,9,,,,,,,,,
mo,Synechanthus,warscewiczianus,Folsom,5713,Panama,8.4,80.35,775,1,,,,reg,1,0.325,0.02,0.061538462,40,3,1,7,0.42,0.094,2,21.27659574,44,0.16,0.14,0.085,7,,,,,,,,,
mo,Synechanthus,warscewiczianus,Folsom,5755,Panama,9.2,78.58,,2,,,,reg,1,0.357,0.074,0.207282913,37,12,1,,,0.105,4.7,44.76190476,47,0.231,0.203,0.155,7,,,,,,,,,
mo,Synechanthus,warscewiczianus,Folsom,6156,Panama,9.25,78.55,,4,,,,reg,1,0.311,0.041,0.131832797,34,6,1,7,0.273,0.106,4.4,41.50943396,27,0.255,0.243,0.193,9,,,,,,,,,
mo,Synechanthus,warscewiczianus,Folsom,6220,Panama,8.3,80.4,750,,,,,reg,1,0.346,0.022,0.063583815,51,5,1,,,0.104,3.4,32.69230769,28,0.248,0.217,0.14,6,3,,,,,,,,
mo,Synechanthus,warscewiczianus,Folsom,6630,Panama,,,550,,,,,reg,1,,0.021,,52,5,1,8,0.673,0.157,3.8,24.20382166,28,0.39,0.363,0.188,9,,,,,,,,,
mo,Synechanthus,warscewiczianus,Gentry,10132,Ecuador,-0.3,79.25,200,2,,,,reg,1,,0.041,,38,4,1,,,0.19,,,,0.263,0.338,0.245,6,3,,,,,,,,
mo,Synechanthus,warscewiczianus,Gentry,3522,Panama,9.17,79.35,,,,,,reg,1,0.245,0.018,0.073469388,32,5,1,,,0.035,2.5,71.42857143,10,0.152,0.14,0.14,6,,,,,rum,,,,
mo,Synechanthus,warscewiczianus,Gentry,3659,Panama,8.39,80.04,833,,,,,reg,1,0.178,0.019,0.106741573,51,3,1,7,0.45,0.14,2.3,16.42857143,55,0.128,0.09,0.065,7,,,,,,,,,
mo,Synechanthus,warscewiczianus,Gentry,6582,Panama,9.2,79.45,400,,,,,reg,1,,,,50,,1,,,0.222,3.6,16.21621622,68,0.21,0.195,0.13,7,,,,,,,,,
mo,Synechanthus,warscewiczianus,Gentry,7038,Panama,7.5,77.4,1200,,,,,reg,1,0.445,,,24,,1,,,0.252,4.8,19.04761905,64,0.175,0.243,0.205,8,,0.014,0.0059,0.421428571,rum,9,1.5,,
mo,Synechanthus,warscewiczianus,Gomez,19508,Costa Rica,8.35,83.4,100,2.5,,,,reg,1,0.461,0.037,0.080260304,39,5,,,,,,,,,,,,,0.01,0.0079,0.79,,,,,
mo,Synechanthus,warscewiczianus,Gomez,23327,Costa Rica,,,900,3,,,,reg,1,,0.027,,34,3,1,7,0.507,0.2,2.2,11,,,0.18,,7,,0.0143,0.0072,0.503496503,rum,7,2.2,,
mo,Synechanthus,warscewiczianus,Gordon,17,Panama,,,,,,,,reg,1,,,,31,,1,6,0.452,0.136,5.4,39.70588235,60,0.218,0.169,0.1,6,,,,,,,,,
mo,Synechanthus,warscewiczianus,Gordon,57,Panama,,,,,,,,,1,,,,,,1,7,0.335,0.102,3.2,31.37254902,59,0.243,0.219,0.155,6,,,,,,,,,
mo,Synechanthus,warscewiczianus,Grayum,3990,Costa Rica,8.42,83.31,300,,,,,reg,1,0.433,0.039,0.090069284,44,6,1,7,0.779,0.223,4.9,21.97309417,37,0.46,0.395,0.305,12,,,,,,,,,
mo,Synechanthus,warscewiczianus,Grayum,5052,Costa Rica,10.17,84.02,600,1.5,,,,reg,1,0.34,0.014,0.041176471,44,5,1,8,0.311,0.052,1.8,34.61538462,28,0.12,0.112,0.1,7,3,,,,,,,,
mo,Synechanthus,warscewiczianus,Grayum,6348,Costa Rica,10.1,84.29,1165,,,,,reg,1,0.415,0.029,0.069879518,43,5,1,9,0.47,0.175,3.8,21.71428571,60,0.224,0.215,0.065,8,,0.0147,0.0088,0.598639456,rum,,,,
mo,Synechanthus,warscewiczianus,Grayum,9878,Panama,8.41,79.56,870,,,sol,1,reg,1,0.228,0.021,0.092105263,66,5,1,7,0.264,0.025,1.9,76,4,0.123,0.103,0.13,6,,,,,,,,,
mo,Synechanthus,warscewiczianus,Haber,5072,Costa Rica,10.2,84.5,1450,,,,,reg,1,0.437,0.07,0.160183066,51,11,1,8,0.38,0.163,3.3,20.24539877,41,0.21,0.16,0.103,8,3,,,,rum,,,,
mo,Synechanthus,warscewiczianus,Haber,5873,Costa Rica,10.22,84.52,1400,,,,,,1,,,,,,1,7,0.508,0.194,4,20.6185567,36,0.311,,,7,,0.0187,0.013,0.695187166,rum,7,2,,
mo,Synechanthus,warscewiczianus,Hamilton,1274,Panama,8.32,81.07,1200,1.8,,,,reg,1,0.366,0.03,0.081967213,51,5,1,7,0.51,0.111,3.6,32.43243243,34,0.33,0.285,,9,,,,,,,,,
mo,Synechanthus,warscewiczianus,Hamilton,2994,Panama,8.35,81.05,900,2,,,,reg,1,0.202,0.015,0.074257426,,3,1,7,0.395,0.128,2.3,17.96875,31,0.24,0.21,0.146,7,,,,,,,,,
mo,Synechanthus,warscewiczianus,Hamilton,3248,Panama,9.15,79.45,50,,,,,reg,1,0.43,0.025,0.058139535,51,5,1,,,0.133,2.6,19.54887218,40,,,,6,,,,,,,,,
mo,Synechanthus,warscewiczianus,Hamilton,3975,Panama,8.35,81.05,1250,,,,,,1,,,,48,,1,,,0.157,4,25.47770701,41,0.261,0.234,0.19,7,,,,,,,,,
mo,Synechanthus,warscewiczianus,Hamilton,4163,Panama,8.4,80.35,1200,,,,,reg,1,0.38,0.021,0.055263158,36,5,1,,,,4.1,,,,0.27,,6,3,,,,,,,,
mo,Synechanthus,warscewiczianus,Hammel,1228,Panama,7.58,78.53,833,,,,,reg,1,0.357,0.018,0.050420168,52,5,1,,,,,,,,0.221,,,,0.0133,0.0065,0.488721805,rum,8,1.9,,
mo,Synechanthus,warscewiczianus,Hammel,13656,Panama,8.38,80.38,800,,,sol,1,reg,1,0.368,0.015,0.04076087,31,3,1,8,0.364,0.066,3,45.45454545,27,0.18,0.163,0.125,8,3,,,,,,,,
mo,Synechanthus,warscewiczianus,Hammel,1629,Panama,8.35,80.33,500,,,,,reg,1,0.275,0.011,0.04,40,3,1,,,0.125,3,24,76,0.175,0.158,0.111,6,,,,,,,,,
mo,Synechanthus,warscewiczianus,Hammel,1967,Panama,8.35,80.28,566,2,,,,reg,1,0.202,0.016,0.079207921,42,3,1,,,0.071,2.2,30.98591549,30,0.116,0.119,0.084,6,,,,,,,,,
mo,Synechanthus,warscewiczianus,Hammel,2073,Panama,8.45,82.2,,,,,,reg,1,0.27,0.011,0.040740741,53,3,1,8,0.39,0.27,2.2,8.148148148,83,0.32,0.245,0.08,8,3,,,,,,,,
mo,Synechanthus,warscewiczianus,Hammel,2371,Panama,8.35,80.35,,,,,,reg,1,0.225,0.014,0.062222222,40,3,1,7,0.495,0.197,3,15.2284264,117,0.14,0.13,0.025,7,,0.0115,0.0049,0.426086957,rum,10,1.2,,
mo,Synechanthus,warscewiczianus,Hammel,4609,Panama,8.3,81.05,1100,,,,,reg,1,0.342,0.017,0.049707602,31,5,1,,0.522,0.241,4.2,17.42738589,,,0.298,0.217,9,,,,,,,,,
mo,Synechanthus,warscewiczianus,Hammel,5152,Panama,,,70,,,,,reg,1,0.44,0.062,0.140909091,25,12,1,8,0.453,0.163,3.3,20.24539877,54,0.337,0.265,0.133,7,,,,,,,,,
mo,Synechanthus,warscewiczianus,Hammel,842,Panama,9.2,78.55,400,,,,,reg,1,0.456,0.097,0.212719298,35,17,1,9,0.46,0.115,3.8,33.04347826,48,0.261,0.295,0.24,7,,0.0114,0.0042,0.368421053,rum,8,0.8,,
mo,Synechanthus,warscewiczianus,Hartman,4697,Panama,7.56,77.42,1200,,,,,reg,1,0.353,0.017,0.04815864,49,5,1,,,0.185,2.7,14.59459459,53,,0.267,0.123,8,,0.0148,0.0078,0.527027027,rum,9,2,,
mo,Synechanthus,warscewiczianus,Hartman,8494,Panama,7.56,77.42,150,,,,,reg,1,0.392,0.02,0.051020408,63,5,1,,,0.198,3.8,19.19191919,40,0.388,0.328,,8,,,,,,,,,
ny,Synechanthus,warscewiczianus,Henderson,3034,Panama,8.4,80.35,724,1.7,0.017,clu,2,reg,1,0.326,0.01,0.030674847,48,3,1,10,0.718,0.14,2.3,16.42857143,70,0.174,0.15,0.091,6,,,,,,,,,
ny,Synechanthus,warscewiczianus,Henderson,3052,Panama,9.2,79.47,,1.82,0.022,clu,2,reg,1,0.407,0.035,0.085995086,29,7,1,8,0.528,0.144,6.3,43.75,39,0.213,0.19,0.154,5,,,,,,,,,
ny,Synechanthus,warscewiczianus,Henderson,51,Costa Rica,10.26,84.01,,4,,clu,2,reg,1,0.571,0.066,0.11558669,35,15,1,7,0.477,0.16,3.3,20.625,45,0.32,0.248,0.162,8,3,,,,,,,,
ny,Synechanthus,warscewiczianus,Henderson,70,Costa Rica,8.45,83.2,150,3,,sol,1,reg,1,0.414,0.031,0.074879227,45,6,1,,,0.131,4.7,35.8778626,28,0.405,0.375,0.24,6,,0.015,0.0072,0.48,rum,11,1.7,,
ny,Synechanthus,warscewiczianus,Henderson,708,Panama,9.17,78.58,375,4,0.025,sol,1,reg,1,0.435,0.113,0.259770115,39,21,1,7,0.359,0.149,3.5,23.48993289,53,0.244,0.191,0.145,7,,,,,,,,,
ny,Synechanthus,warscewiczianus,Henderson,94,Panama,7.5,77.45,,3,,clu,2,reg,1,0.3,0.016,0.053333333,48,5,1,8,0.464,0.161,2.9,18.01242236,30,0.411,0.345,0.327,9,3,,,,,,,,
mo,Synechanthus,warscewiczianus,Herrera,1047,Costa Rica,10.55,85.2,500,,,sol,1,reg,1,0.485,0.038,0.078350515,40,4,1,8,0.364,0.135,3,22.22222222,40,0.255,0.19,0.148,8,,,,,,,,,
mo,Synechanthus,warscewiczianus,Holm,911,Costa Rica,10.43,84.48,90,4,,,,reg,1,0.475,0.036,0.075789474,40,6,1,,,0.167,4.9,29.34131737,39,0.225,0.22,0.113,,,,,,,,,,
bh,Synechanthus,warscewiczianus,Hubbuch,132,Panama,8.35,82.16,900,4,0.04,clu,2,reg,1,0.575,0.094,0.163478261,34,25,1,9,0.546,0.187,3.1,16.57754011,47,0.27,,,11,,0.0223,0.0099,0.443946188,rum,7,3,,
mo,Synechanthus,warscewiczianus,Inbio,47,Costa Rica,11.02,85.24,550,,,,,reg,1,0.456,0.035,0.076754386,23,5,1,9,0.523,0.109,3.6,33.02752294,36,0.168,,,7,,0.023,0.0078,0.339130435,rum,10,2.3,,
mo,Synechanthus,warscewiczianus,Janzen,134,Costa Rica,10.26,84.01,,,,,,reg,1,0.497,0.082,0.16498994,38,12,1,7,0.46,0.148,6.5,43.91891892,46,0.31,0.273,0.166,8,,,,,,,,,
mo,Synechanthus,warscewiczianus,Juncosa,583,Colombia,8.3,77.2,90,,,,,reg,1,0.397,0.024,0.060453401,50,5,1,7,0.364,0.187,4.3,22.99465241,57,0.262,0.21,0.147,6,,0.017,0.0052,0.305882353,rum,7,1.4,,
mo,Synechanthus,warscewiczianus,Kennedy,1851,Panama,,,,,,,,reg,1,0.415,0.047,0.113253012,30,6,1,,,0.232,3.6,15.51724138,86,0.255,0.185,0.095,,,,,,,,,,
mo,Synechanthus,warscewiczianus,Kennedy,2336,Panama,9.07,79.43,,,,,,reg,1,0.485,0.097,0.2,41,15,1,7,0.619,0.217,4,18.43317972,90,0.34,0.215,0.142,6,,0.0092,0.0058,0.630434783,rum,7,1.4,,
mo,Synechanthus,warscewiczianus,Knapp,2515,Panama,8.36,81.06,850,,,,,reg,1,,,,44,3,1,7,0.379,0.123,3.8,30.89430894,52,0.236,,0.165,,,,,,rum,,,,
mo,Synechanthus,warscewiczianus,Knapp,3551,Panama,9.15,79.3,1000,,,,,reg,1,0.27,0.016,0.059259259,33,5,1,,,0.027,2.8,103.7037037,10,0.166,0.156,0.131,6,,0.0131,0.0059,0.450381679,rum,9,1.9,,
mo,Synechanthus,warscewiczianus,Knapp,4893,Panama,8.4,80.07,850,,,,,reg,1,0.273,0.026,0.095238095,41,6,1,8,0.396,0.01,2.5,250,4,0.148,0.133,0.154,6,,0.015,0.0083,0.553333333,rum,10,1.3,,
mo,Synechanthus,warscewiczianus,Knapp,5383,Panama,8.34,81.07,675,,,,,reg,1,0.42,0.034,0.080952381,51,6,1,,,0.155,2.2,14.19354839,53,0.265,0.215,0.183,8,,0.015,0.0086,0.573333333,rum,10,3,,
mo,Synechanthus,warscewiczianus,Liesner,15046,Costa Rica,10.34,84.54,100,,,sol,1,reg,1,0.6,0.095,0.158333333,36,19,1,,,0.135,3.6,26.66666667,37,0.3,0.237,0.2,9,,0.0096,0.0096,1,rum,9,2.1,,
mo,Synechanthus,warscewiczianus,Liesner,1791,Costa Rica,8.4,83.3,170,,,,,reg,1,0.39,0.026,0.066666667,42,3,1,7,0.62,0.146,4,27.39726027,48,0.365,0.269,0.232,7,,0.0113,0.0081,0.716814159,rum,,,,
mo,Synechanthus,warscewiczianus,Liesner,539,Panama,9.17,79.2,650,2,,,,reg,1,0.34,0.02,0.058823529,51,5,1,8,0.4,0.1,3.7,37,35,0.23,0.235,0.157,7,,,,,,,,,
mo,Synechanthus,warscewiczianus,Mcpherson,7401,Panama,8.45,82.15,1130,3,,,,reg,1,0.34,0.016,0.047058824,45,3,1,9,0.334,0.176,3,17.04545455,59,0.246,0.19,0.094,10,3,,,,,,,,
ny,Synechanthus,warscewiczianus,Molina,17333,Costa Rica,10.22,84.22,550,,,,,reg,1,0.412,0.022,0.053398058,56,5,1,7,0.442,,3.2,,,,,,9,,,,,,,,,
mo,Synechanthus,warscewiczianus,Moreno,12884,Nicaragua,11.32,84.01,60,,,,,reg,1,,,,65,,1,,,0.135,3.4,25.18518519,,0.245,0.22,0.174,8,,0.018,0.0084,0.466666667,rum,10,1.8,,
mo,Synechanthus,warscewiczianus,Moreno,12983,Nicaragua,11.32,84.05,20,,,,,reg,1,,,,40,,1,,,,4.4,,,,0.345,0.195,,,0.0155,0.0079,0.509677419,rum,9,2,,
mo,Synechanthus,warscewiczianus,Moreno,13057,Nicaragua,11.31,84.04,155,,,,,reg,1,,,,42,,1,9,0.36,0.123,4.4,35.77235772,33,0.224,0.205,,8,,0.0178,0.0066,0.370786517,rum,12,1.3,,
mo,Synechanthus,warscewiczianus,Mori,2016,Panama,9.32,79.35,200,,,,,reg,1,0.466,0.053,0.113733906,43,9,1,8,0.542,0.147,4,27.21088435,41,0.306,0.262,0.19,6,,0.0157,0.0061,0.388535032,rum,7,1.8,,
mo,Synechanthus,warscewiczianus,Mori,3438,Panama,9.15,79.15,600,2.25,,,,reg,1,0.381,0.029,0.076115486,45,5,1,,,0.096,4,41.66666667,30,0.297,0.267,0.172,7,,,,,,,,,
mo,Synechanthus,warscewiczianus,Mori,3497,Panama,9.15,79.58,400,3,0.02,sol,1,reg,1,0.29,0.045,0.155172414,38,7,1,8,0.297,0.13,5.4,41.53846154,39,0.337,0.266,0.22,8,,,,,,,,,
mo,Synechanthus,warscewiczianus,Mori,4046,Panama,9.15,79.2,,,0.02,,,reg,1,0.358,0.024,0.067039106,40,5,1,9,0.42,0.141,3,21.27659574,49,0.21,0.189,0.108,6,,0.0093,0.0051,0.548387097,rum,8,1.5,,
mo,Synechanthus,warscewiczianus,Mori,5464,Panama,7.55,77.45,500,,,,,reg,1,0.355,0.022,0.061971831,43,5,1,8,0.386,0.094,3,31.91489362,45,0.187,0.195,0.162,7,,,,,,,,,
mo,Synechanthus,warscewiczianus,Mori,6288,Panama,8.28,81.08,1000,,,,,reg,1,0.29,0.021,0.072413793,42,5,1,9,0.62,0.115,4,34.7826087,36,0.257,0.215,0.175,9,3,0.012,0.0113,0.941666667,rum,,,,
mo,Synechanthus,warscewiczianus,Nee,10987,Panama,9.2,79,425,,,,,reg,1,,,,39,,1,9,0.425,0.13,3.4,26.15384615,44,0.234,0.175,0.143,7,,0.0098,0.0053,0.540816327,rum,8,1,,
mo,Synechanthus,warscewiczianus,Nee,7660,Panama,9.1,79.39,150,,,,,reg,1,0.365,0.03,0.082191781,33,5,1,8,0.548,0.108,3,27.77777778,42,0.27,0.215,0.212,7,,,,,,,,,
mo,Synechanthus,warscewiczianus,Nee,7931,Panama,9.2,78.57,300,,,,,reg,1,0.35,0.031,0.088571429,33,5,1,8,0.45,0.13,4.8,36.92307692,52,0.198,0.205,0.167,6,,0.009,0.005,0.555555556,rum,9,1.5,,
mo,Synechanthus,warscewiczianus,Nee,9645,Panama,8.3,80.1,875,,,,,reg,1,0.225,0.019,0.084444444,49,3,1,9,0.367,0.083,1.7,20.48192771,49,0.119,0.079,0.046,7,3,,,,,,,,
mo,Synechanthus,warscewiczianus,Olestia,406,Ecuador,1.08,78.33,200,,,,,reg,1,0.41,0.047,0.114634146,,8,1,8,0.4,0.172,,,66,0.258,0.235,0.158,9,,,,,rum,,,,
mo,Synechanthus,warscewiczianus,Ortiz,1321,Nicaragua,13.37,85.02,320,,,,,,1,,,,27,,1,8,0.446,0.132,2.8,21.21212121,29,,,,11,,,,,,,,,
mo,Synechanthus,warscewiczianus,Ortiz,1944,Nicaragua,13.5,85,,,,,,reg,1,0.325,0.016,0.049230769,33,5,1,8,0.44,0.122,4.5,36.8852459,34,,,,8,,0.0136,0.0068,0.5,rum,10,1.6,,
mo,Synechanthus,warscewiczianus,Palacios,2610,Ecuador,1.13,78.49,80,,,,,reg,1,0.464,0.028,0.060344828,54,3,1,,,0.145,3.8,26.20689655,49,0.326,0.273,0.175,9,,,,,,,,,
mo,Synechanthus,warscewiczianus,Palacios,7402,Ecuador,-0.35,79.25,150,2,0.04,,,reg,1,,,,41,,1,,,0.15,3.5,23.33333333,38,0.427,0.335,0.325,9,,,,,,,,,
mo,Synechanthus,warscewiczianus,Pipoly,5012,Nicaragua,13.57,84.13,40,,,,,reg,1,0.403,0.04,0.099255583,38,9,1,9,0.245,0.069,1.7,24.63768116,23,0.115,,0.105,10,,0.0137,0.0075,0.547445255,rum,10,1.5,,
mo,Synechanthus,warscewiczianus,Pipoly,5977,Nicaragua,13.45,84.59,900,,,,,reg,1,0.451,0.014,0.031042129,45,3,1,,0.304,,3,,,,,,9,,0.0154,0.0072,0.467532468,rum,,,,
mo,Synechanthus,warscewiczianus,Pipoly,6133,Nicaragua,13.45,84.59,900,,,,,,1,,,,38,,1,7,0.315,0.155,2.7,17.41935484,40,0.17,0.17,0.094,10,,0.0192,0.0093,0.484375,rum,10,2.3,,
mo,Synechanthus,warscewiczianus,Porter,4395,Panama,8.3,80.1,635,,,,,reg,1,0.22,0.02,0.090909091,43,3,1,,,0.172,2.8,16.27906977,53,0.147,0.18,0.055,7,,0.013,0.0035,0.269230769,,8,0.8,,
ny,Synechanthus,warscewiczianus,Proctor,32328,Costa Rica,10.2,84.07,233,,,,,reg,1,,,,60,,1,,,0.2,3.4,17,51,0.378,,,11,3,,,,,,,,
mo,Synechanthus,warscewiczianus,Riviere,345,Nicaragua,10.47,83.3,20,,,,,reg,1,0.44,0.02,0.045454545,50,3,1,,,0.152,3.4,22.36842105,43,0.241,0.205,0.156,9,,,,,rum,,,,
mo,Synechanthus,warscewiczianus,Robles,1546,Costa Rica,10.27,83.34,70,,,,,reg,1,,,,25,,1,9,0.369,0.117,4.4,37.60683761,34,0.272,0.225,0.13,7,,0.0161,0.0097,0.602484472,rum,12,1.5,,
mo,Synechanthus,warscewiczianus,Rueda,1858,Nicaragua,10.55,83.49,50,,,,,reg,1,,,,35,,1,8,0.379,0.065,4.1,63.07692308,40,0.265,0.215,0.19,7,3,,,,,,,,
mo,Synechanthus,warscewiczianus,Rueda,2713,Nicaragua,10.46,83.46,,,,,,reg,1,,,,,,,,,,,,,,,,,,0.015,0.0079,0.526666667,rum,10,2.5,,
mo,Synechanthus,warscewiczianus,Shattuck,1143,Panama,9.2,79.5,30,,,,,reg,1,,,,28,,1,,,0.216,2.8,12.96296296,60,0.24,0.226,0.111,5,,,,,,,,,
mo,Synechanthus,warscewiczianus,Stevens,13492,Costa Rica,10.26,83.58,50,,,,,,1,,,,48,,1,,0.462,0.115,3.2,27.82608696,27,0.24,0.23,0.177,8,,,,,,,,,
mo,Synechanthus,warscewiczianus,Stevens,23676,Costa Rica,10.41,83.38,80,,,,,reg,1,0.54,0.06,0.111111111,35,11,1,,,0.127,2.8,22.04724409,32,0.245,0.18,0.127,7,,0.022,0.015,0.681818182,rum,8,1.7,,
mo,Synechanthus,warscewiczianus,Stevens,23986,Costa Rica,10.4,83.4,55,4,,,,reg,1,,,,34,,1,8,0.422,0.076,2.7,35.52631579,26,,,,9,,0.0158,0.009,0.569620253,rum,8,2.2,,
mo,Synechanthus,warscewiczianus,Stevens,24457,Costa Rica,10.41,83.38,150,4,,,,reg,1,0.401,0.019,0.047381546,,5,1,9,0.456,0.104,3.5,33.65384615,39,0.211,0.197,0.147,9,,0.016,0.0084,0.525,rum,11,1.9,,
mo,Synechanthus,warscewiczianus,Stevens,5093,Nicaragua,11.4,84.26,190,3,0.05,,,reg,1,0.605,0.044,0.072727273,34,9,1,,,,,,,,,,7,,0.026,0.0076,0.292307692,rum,11,1.5,,
mo,Synechanthus,warscewiczianus,Stevens,6735,Nicaragua,13.46,85,1075,,,,,reg,1,0.49,0.045,0.091836735,42,8,1,,,0.125,2.5,20,34,0.185,0.147,0.08,9,,0.013,0.0079,0.607692308,rum,8,2.5,,
mo,Synechanthus,warscewiczianus,Stevens,8321,Nicaragua,13.5,84.5,,,,,,reg,1,0.3,0.022,0.073333333,41,6,,9,,,,,,,,,,3,,,,,,,,
mo,Synechanthus,warscewiczianus,Sullivan,212,Panama,9.2,79.22,800,,,,,reg,1,0.184,0.014,0.076086957,49,3,1,,,0.048,1.7,35.41666667,8,0.149,0.137,0.114,5,,0.0109,0.0058,0.532110092,rum,9,1.3,,
mo,Synechanthus,warscewiczianus,Systma,1437,Panama,9.17,79.35,875,,,,,reg,1,0.25,0.022,0.088,37,7,1,,,0.048,2.6,54.16666667,13,0.166,0.152,0.148,5,3,,,,,,,,
mo,Synechanthus,warscewiczianus,Tipaz,2692,Ecuador,0.45,78.55,130,,,,,reg,1,0.434,0.215,0.495391705,52,23,1,7,0.312,0.107,1.8,16.82242991,24,0.21,0.19,0.136,7,3,,,,,,,,
mo,Synechanthus,warscewiczianus,Tyson,3240,Panama,9.15,79.22,700,,,,,reg,1,0.225,0.014,0.062222222,24,5,1,8,0.427,0.029,3.2,110.3448276,9,0.157,0.135,0.133,6,,,,,,,,,
mo,Synechanthus,warscewiczianus,Tyson,3406,Panama,9.2,79.25,900,,,,,reg,1,0.216,0.013,0.060185185,39,3,1,8,0.5,0.051,2.7,52.94117647,15,0.28,0.263,0.237,7,,0.0107,0.0054,0.504672897,rum,7,2,,
mo,Synechanthus,warscewiczianus,Aulestia,,Ecuador,1.08,78.33,200,,,,,reg,1,0.37,0.028,0.075675676,52,8,1,7,0.402,0.17,3.7,21.76470588,72,0.255,0.25,0.12,9,,0.0137,0.009,0.656934307,rum,9,2.8,,
mo,Synechanthus,warscewiczianus,Pipoly,6017,Nicaragua,13.45,84.59,900,,,,,reg,1,0.47,0.053,0.112765957,49,13,1,,0.308,0.13,3,23.07692308,36,,,,9,,0.021,0.0088,0.419047619,rum,12,1.5,,
mo,Synechanthus,warscewiczianus,Pipoly,5247,Nicaragua,13.45,84.59,900,,,,,reg,1,0.395,0.035,0.088607595,53,7,1,,0.275,0.085,2.8,32.94117647,25,,,,7,,0.0186,0.011,0.591397849,rum,10,2.7,,
ny,Synechanthus,warscewiczianus,Bergman,62143,Ecuador,1.05,79,1,4,0.03,clu,2,reg,1,0.513,0.025,0.048732943,59,5,1,8,0.51,0.135,,,55,,,,7,,0.0141,0.0087,0.617021277,rum,6,2.3,,
ny,Synechanthus,warscewiczianus,Bergman,62154,Ecuador,-0.28,79.2,300,2.62,0.035,sol,1,reg,1,0.579,0.111,0.191709845,38,21,1,7,0.29,0.145,2.3,15.86206897,62,0.25,0.22,0.19,10,,0.0163,0.0072,0.441717791,rum,8,2,,
col,Synechanthus,warscewiczianus,Cuatrecasas,16764,Colombia,4.05,77.1,7,,,,,reg,1,0.605,0.036,0.059504132,46,8,1,,,,,,,,,,11,,,,,,,,,
col,Synechanthus,warscewiczianus,Cuatrecasas,17653,Colombia,3.25,77.2,40,3,0.03,,,reg,1,0.52,0.022,0.042307692,42,5,1,7,0.387,0.15,6.1,40.66666667,64,,0.29,0.17,11,,0.016,0.011,0.6875,rum,11,3.6,,
col,Synechanthus,warscewiczianus,Bernal,429,Colombia,7.15,77.3,100,5,0.05,clu,2,reg,1,0.662,0.031,0.046827795,31,5,1,8,0.645,0.19,3.8,20,42,0.48,0.397,0.27,10,,,,,,,,,
col,Synechanthus,warscewiczianus,Fuchs,21976,Colombia,5,77.2,,,,,,reg,1,,,,33,13,1,8,,,,,,,,,,,,,,,,,,
col,Synechanthus,warscewiczianus,Seifke,5,Colombia,1.5,78.45,60,5,0.035,sol,1,reg,1,0.575,0.034,0.059130435,52,5,1,,0.595,0.178,,,,0.335,0.289,0.21,8,,0.0152,0.0063,0.414473684,rum,8,1.8,,
mo,Synechanthus,warscewiczianus,Dwyer,7207,Panama,9.14,79.22,,,,,,reg,1,0.255,0.011,0.043137255,46,5,1,7,0.367,0.037,2.8,75.67567568,10,0.142,0.12,0.122,7,,0.009,0.0051,0.566666667,rum,7,1.6,,
mo,Synechanthus,warscewiczianus,Mori,2730,Panama,9.14,79.22,,1,,,,reg,1,0.177,0.016,0.09039548,43,3,1,,0.306,0.006,1.9,316.6666667,3,0.113,0.11,0.087,6,3,,,,,,,,
f,Synechanthus,warscewiczianus,Garwood,2763,Panama,7.55,77.45,,3.5,,clu,2,reg,1,0.401,0.022,0.054862843,42,5,1,6,0.63,0.17,5,29.41176471,51,0.32,0.34,,8,,0.015,0.006,0.4,rum,9,1.5,,
f,Synechanthus,warscewiczianus,Solis,13636,Ecuador,0.15,79.3,300,,,,,reg,1,0.581,0.044,0.075731497,41,6,1,,,,,,,,0.333,0.194,,,0.0175,0.0098,0.56,rum,9,3,,
f,Synechanthus,warscewiczianus,Garwood,2753,Panama,7.55,77.45,,3.5,,,,reg,1,0.43,0.027,0.062790698,51,5,1,6,0.56,0.095,2.7,28.42105263,38,0.3,0.23,0.221,8,,0.0151,0.006,0.397350993,rum,10,1.5,,
f,Synechanthus,warscewiczianus,Boyle,1335,Costa Rica,10.2,84.05,520,,0.03,,,reg,1,0.39,0.018,0.046153846,61,5,1,,,,,,,,,,,,,,,,,,,
f,Synechanthus,warscewiczianus,Allen,6677,Costa Rica,8.4,83.2,30,3,0.035,clu,2,reg,1,,,,,,1,,,0.23,6,26.08695652,37,0.495,0.386,0.317,13,,0.0096,0.0085,0.885416667,,9,2.3,,
f,Synechanthus,warscewiczianus,Ivey,316,Costa Rica,10.21,84.41,725,,0.03,clu,2,reg,1,0.465,0.028,0.060215054,49,6,,,,,,,,,,,,,,,,,,,,
f,Synechanthus,warscewiczianus,Opler,987,Costa Rica,10.26,84.01,,,,,,,1,,,,,,1,7,0.452,0.139,3.4,24.46043165,36,0.265,0.23,0.16,6,,,,,,,,,
f,Synechanthus,warscewiczianus,Aviles,27,Panama,,,,,,,,,1,,,,,,1,,,0.15,3.2,21.33333333,55,0.22,0.21,0.125,6,,,,,,,,,
f,Synechanthus,warscewiczianus,Aviles,82,Panama,,,,,,,,,1,,,,,,,,,,,,,,,,,,,,,,,,,
f,Synechanthus,warscewiczianus,Brenes,20540,Costa Rica,,,,,,,,,1,,,,,,1,7,0.59,0.132,4.9,37.12121212,40,,,0.16,12,,,,,,,,,
f,Synechanthus,warscewiczianus,Smith,1878,Costa Rica,10.2,84.25,850,,,,,reg,1,0.412,0.017,0.041262136,50,5,1,,,0.17,4.5,26.47058824,38,0.225,0.203,,7,,,,,,,,,
f,Synechanthus,warscewiczianus,Allen,2303,Panama,8.35,80.07,1000,,,,,reg,1,0.22,0.021,0.095454545,52,3,1,7,0.505,0.163,3.4,20.85889571,78,0.185,0.155,0.04,7,,,,,,,,,
f,Synechanthus,warscewiczianus,Williams,28807,Costa Rica,9.1,83.35,600,,,,,reg,1,,0.028,,48,5,1,7,0.755,0.24,5.1,21.25,60,0.46,0.38,0.165,11,,0.0116,0.008,0.689655172,,11,3,,
f,Synechanthus,warscewiczianus,Hammel,13450,Panama,8.37,80.35,1000,,,,,reg,1,0.272,0.016,0.058823529,55,3,1,6,0.87,0.235,2.9,12.34042553,101,0.165,0.153,0.045,8,,,,,,,,,
f,Synechanthus,warscewiczianus,Burger,4651,Costa Rica,8.54,83.24,20,,,,,reg,1,0.38,0.042,0.110526316,50,5,1,,,,,,,,0.34,,,,0.011,0.012,1.090909091,,11,3.4,,
f,Synechanthus,warscewiczianus,Burger,4425,Costa Rica,8.47,82.58,1150,,,,,reg,1,,0.026,,59,5,1,,,,4.6,,,0.337,0.32,,11,,0.0114,0.0103,0.903508772,,8,2.8,,
f,Synechanthus,warscewiczianus,Cuatrecasas,16308,Colombia,4,77,,,,,,reg,1,0.575,0.028,0.048695652,46,5,1,,,,,,,,,,,,0.0145,0.0093,0.64137931,,11,2.8,,
bh,Synechanthus,warscewiczianus,Bailey,523,Panama,9.11,79.57,,,,,,reg,1,0.31,0.025,0.080645161,45,5,1,10,,0.155,4.1,26.4516129,67,,,,,,0.0099,0.005,0.505050505,,7,1.5,,
bh,Synechanthus,warscewiczianus,Loomis,0,Panama,9.11,79.57,,,,,,reg,1,0.5,0.075,0.15,28,15,1,,,0.19,5,26.31578947,70,0.26,,0.12,5,,,,,,,,,
bh,Synechanthus,warscewiczianus,Deleon,243,Colombia,3.5,77.05,,,,,,reg,1,0.39,0.02,0.051282051,33,3,1,,,,,,,,,,,,,,,,,,,
bh,Synechanthus,warscewiczianus,Deleon,123,Colombia,3.5,77.07,,2.6,0.035,,,reg,1,,,,,,,,,,,,,,,,,,,,,,,,,
bh,Synechanthus,warscewiczianus,Duke,14902,Panama,9.26,78.35,,,,,,reg,1,,,,,,,,,,,,,,,,,,,,,,,,,
bh,Synechanthus,warscewiczianus,Bartlett,16742,Panama,9.11,79.57,,,,,,reg,1,0.35,0.025,0.071428571,47,3,1,9,0.48,0.25,3.5,14,73,0.24,0.2,0.09,6,,,,,,,,,
bh,Synechanthus,warscewiczianus,Moore,10533,Panama,8.37,80.36,,3,,clu,2,reg,1,,,,,,,,,,,,,,,,,,,,,,,,,
bh,Synechanthus,warscewiczianus,Duke,10859,Panama,8.35,77.5,,,,,,,1,,,,,,,,,,,,,,,,,,,,,,,,,
bh,Synechanthus,warscewiczianus,bristan,550,Panama,7.49,77.43,,,,,,,1,,,,,,,,,,,,,,,,,,,,,,,,,
bh,Synechanthus,warscewiczianus,Duke,11227,Colombia,6.55,77.33,300,,,,,,1,,,,,,,,,,,,,,,,,,,,,,,,,
bh,Synechanthus,warscewiczianus,Moore,9466,Colombia,3.55,77.05,,3,,clu,2,reg,1,0.52,0.086,0.165384615,23,7,1,,0.36,0.105,2.4,22.85714286,25,0.26,0.2,0.17,,,0.0225,0.0154,0.684444444,,10,2,,
bh,Synechanthus,warscewiczianus,Allen,4376,Panama,8.29,81.06,850,,,,,,1,,,,,,,,,,,,,,,,,,,,,,,,,
bh,Synechanthus,warscewiczianus,Holdridge,5114,Costa Rica,10.26,83.59,100,,,,,reg,1,0.44,0.038,0.086363636,42,6,1,,0.44,0.16,5.1,31.875,54,0.29,,,,,,,,,,,,
bh,Synechanthus,warscewiczianus,Langlois,1,Costa Rica,10.19,84.09,,,,,,reg,1,,,,,,,,,,,,,,,,,,,,,,,,,
bh,Synechanthus,warscewiczianus,Moore,6537,Costa Rica,8.58,83.29,,3.3,0.035,clu,2,reg,1,0.46,0.05,0.108695652,45,5,1,7,0.71,0.14,4.5,32.14285714,35,,,0.23,,,0.0105,0.0116,1.104761905,,,,,
bh,Synechanthus,warscewiczianus,Langlois,1a,Costa Rica,10.2,84.12,,,,,,reg,1,,,,,,,,,,,,,,,,,,,,,,,,,
bh,Synechanthus,warscewiczianus,Moore,9409,Costa Rica,10.26,83.59,110,,,clu,2,reg,1,,,,,,1,7,0.48,0.115,2.5,21.73913043,33,0.2,0.18,0.12,4,,,,,,,,,
bh,Synechanthus,warscewiczianus,Moore,6694,Costa Rica,9.5,83.25,1100,5,,clu,2,reg,1,0.45,0.027,0.06,50,5,1,,,,,,,,,,,,,,,,,,,
bh,Synechanthus,warscewiczianus,Bailey,141,Panama,9.11,79.57,,,,,,reg,1,,,,,,1,8,0.33,0.11,3,27.27272727,44,0.013,0.115,0.09,5,,,,,,,,,
bh,Synechanthus,warscewiczianus,Johnston,1644,Panama,9.15,80,,,,,,reg,1,0.36,0.053,0.147222222,30,10,1,,0.43,0.21,4.1,19.52380952,74,0.31,,0.14,6,,,,,,,,,
bh,Synechanthus,warscewiczianus,Moore,9486,Ecuador,-0.15,79.1,600,3,0.05,clu,2,reg,1,0.5,0.045,0.09,50,6,,,,,,,,,,,,,,,,,,,,
bh,Synechanthus,warscewiczianus,Tomlinson,1965,Costa Rica,10.26,83.59,,,,,,reg,1,0.46,0.03,0.065217391,33,8,1,,0.38,0.11,3,27.27272727,60,0.29,0.245,0.13,,,,,,,,,,
bh,Synechanthus,warscewiczianus,Moore,6745,Costa Rica,9.57,83.37,,5,,clu,2,reg,1,0.345,0.02,0.057971014,39,5,1,,,,,,,,,,,,0.0187,0.0094,0.502673797,rum,8,2.5,,
bh,Synechanthus,warscewiczianus,Moore,6715,Costa Rica,,,120,3,,clu,2,reg,1,0.38,0.025,0.065789474,41,5,1,7,0.47,0.13,3.5,26.92307692,44,0.255,0.205,0.1,8,,,,,,,,,
bh,Synechanthus,warscewiczianus,Read,642,Costa Rica,8.48,82.55,,,,,,reg,1,0.36,0.02,0.055555556,38,5,1,7,0.59,0.17,4.2,24.70588235,42,0.34,0.23,0.18,,,,,,,,,,
bh,Synechanthus,warscewiczianus,Moore,9427,Costa Rica,8.48,82.55,1150,5,0.03,clu,2,reg,1,,,,,,1,7,0.79,0.19,4.7,24.73684211,50,0.36,0.33,0.23,,,,,,,,,,
us,Synechanthus,warscewiczianus,Cook,156,Colombia,3.55,77.03,,,,clu,2,reg,1,,,,,,1,,,,,,,,,,,,,,,,,,,
us,Synechanthus,warscewiczianus,Killip,35097,Colombia,5.05,76.45,125,,,,,reg,1,,,,,,1,7,0.29,0.08,2.7,33.75,48,,,,9,,,,,,,,,
us,Synechanthus,warscewiczianus,Reveal,4927,Panama,8.02,77.42,1000,,,sol,1,reg,1,,,,,,1,,,,,,,,,,,,0.0158,0.0067,0.424050633,,7,1.6,,
us,Synechanthus,warscewiczianus,Read,8141,Panama,9.15,79.2,700,1.5,,clu,2,reg,1,0.23,0.015,0.065217391,50,3,1,7,0.6,0.035,2.5,71.42857143,9,0.23,0.185,0.16,10,,,,,,,,,
us,Synechanthus,warscewiczianus,Cook,60,Panama,9.1,79.48,,,,,,reg,1,,,,,,1,,,,,,,,,,,,,,,,,,,
us,Synechanthus,warscewiczianus,Standley,27468,Panama,9.1,79.48,,3.3,,,,reg,1,,,,,,1,,,,,,,,,,,,,,,,,,,
us,Synechanthus,warscewiczianus,Maxon,4847,Panama,9.16,79.45,10,4.5,,,,reg,1,0.45,0.035,0.077777778,34,5,1,,,,,,,,,,,,0.011,0.0049,0.445454545,,7,1,,
us,Synechanthus,warscewiczianus,Maxon,6831,Panama,9.11,79.57,,,,,,reg,1,0.385,0.067,0.174025974,35,8,1,,,,,,,,,,,,,,,,,,,
us,Synechanthus,warscewiczianus,Maxon,6826,Panama,9.11,79.57,,3.5,0.02,,,reg,1,0.38,0.045,0.118421053,43,8,1,,,,,,,,,,,,,,,,,,,
us,Synechanthus,warscewiczianus,Standley,47238,Costa Rica,9.5,83.45,900,2,,,,reg,1,,0.013,,,3,1,,,,,,,,,,,,0.0184,0.0099,0.538043478,,5,2,,
us,Synechanthus,warscewiczianus,Read,7450,Costa Rica,9.55,83.4,695,2,,clu,2,reg,1,0.39,0.02,0.051282051,54,5,1,7,0.46,,,,,,,,,,,,,,,,,
us,Synechanthus,warscewiczianus,Read,7451,Costa Rica,9.55,83.4,695,3,,clu,2,reg,1,0.555,0.027,0.048648649,44,3,1,,,,,,,,,,,,,,,,,,,
us,Synechanthus,warscewiczianus,Grijalva,310,Nicaragua,13.45,84.59,850,,,,,reg,1,,,,,,1,,,,,,,,,,,,,,,,,,,
us,Synechanthus,warscewiczianus,Pittier,2292,Panama,9.07,79.43,30,1.75,0.0225,,,reg,1,0.37,0.028,0.075675676,25,5,1,,,,,,,,,,,,,,,,,,,
us,Synechanthus,warscewiczianus,Killip,33426,Colombia,3.53,76.56,75,,,,,,1,,,,,,,,,,,,,,,,,,,,,,,,,
us,Synechanthus,warscewiczianus,Cook,77,Colombia,3.53,77.04,,,,,,,1,,,,,,,,,,,,,,,,,,,,,,,,,
us,Synechanthus,warscewiczianus,Standley,41092,Panama,9.11,79.57,,,,,,,1,,,,,,,,,,,,,,,,,,,,,,,,,
us,Synechanthus,warscewiczianus,Cook,60,Panama,9.1,79.48,,,,,,,1,,,,,,,,,,,,,,,,,,,,,,,,,
us,Synechanthus,warscewiczianus,Dodson,4373,Panama,-0.35,79.25,,,,,,,1,,,,,,,,,,,,,,,,,,,,,,,,,
